SID,DTime,DAuto,DEvent,DEventText,DEffectText,DAltText,DGroup,DArgCount,DText1,DValue1,DText2,DValue2,DText3,DValue3,DText4,DValue4,DText5,DValue5,scheduleID
18,0.0,0,28,Input Definition,(SYSTEM),,0,5,Auxiliary_IN #1,8.0,Auxiliary_IN #2,9,Auxiliary_IN #3,10,Tray #1,0,BIRBeam #1,1,cog_Mouse Pairwise Must Touch Training v3_RewardTone
18,0.0,1,28,Input Definition,(SYSTEM),,0,5,FIRBeam #1,2.0,RightFIRBeam #1,3,FeederStatus #1,4,Terminal_Block_IN #6,5,Terminal_Block_IN #7,6,cog_Mouse Pairwise Must Touch Training v3_RewardTone
18,0.0,2,28,Input Definition,(SYSTEM),,0,1,Terminal_Block_IN #8,7.0,,0,,0,,0,,0,cog_Mouse Pairwise Must Touch Training v3_RewardTone
18,0.0,3,27,Output Definition,(SYSTEM),,0,5,Auxiliary Enable,18.0,init_TTL #1,10,onset_choice_TTL #1,11,cue_TTL #1,12,reward_retrieval_TTL #1,13,cog_Mouse Pairwise Must Touch Training v3_RewardTone
18,0.0,4,27,Output Definition,(SYSTEM),,0,5,TTL #1,14.0,TTL #2,15,Auxiliary_OUT #7,16,Auxiliary_OUT #8,17,HouseLight #1,0,cog_Mouse Pairwise Must Touch Training v3_RewardTone
18,0.0,5,27,Output Definition,(SYSTEM),,0,5,TrayLight #1,1.0,Feeder #1,2,Feeder #2,3,HouseLight #2,4,Terminal_Block_OUT #6,5,cog_Mouse Pairwise Must Touch Training v3_RewardTone
18,0.0,6,27,Output Definition,(SYSTEM),,0,4,Terminal_Block_OUT #7,6.0,Terminal_Block_OUT #8,7,Terminal_Block_OUT #9,8,Terminal_Block_OUT #10,9,,0,cog_Mouse Pairwise Must Touch Training v3_RewardTone
18,0.0,7,71,List Array - Write,audio,,0,1,correct tone,1.0,,0,,0,,0,,0,cog_Mouse Pairwise Must Touch Training v3_RewardTone
18,0.0,8,37,Image List Definition,Background,,0,1,Bussey Mouse Operant Mode 2 x 1 x low,3.0,,0,,0,,0,,0,cog_Mouse Pairwise Must Touch Training v3_RewardTone
18,0.0,9,36,List Array - Write,Background,,0,1,Image 1,1.0,,0,,0,,0,,0,cog_Mouse Pairwise Must Touch Training v3_RewardTone
18,0.0,10,22,List Array - Write,Grid_Position,,0,5,Item #1,1.0,Item #2,1,Item #3,1,Item #4,1,Item #5,1,cog_Mouse Pairwise Must Touch Training v3_RewardTone
18,0.0,11,22,List Array - Write,Grid_Position,,0,5,Item #6,2.0,Item #7,2,Item #8,2,Item #9,2,Item #10,2,cog_Mouse Pairwise Must Touch Training v3_RewardTone
18,0.0,12,37,Image List Definition,Images,,0,1,Bussey Mouse Operant Mode 2 x 1 x low,3.0,,0,,0,,0,,0,cog_Mouse Pairwise Must Touch Training v3_RewardTone
18,0.0,13,36,List Array - Write,Images,,0,2,Image 1,1.0,Image 2,2,,0,,0,,0,cog_Mouse Pairwise Must Touch Training v3_RewardTone
18,0.0,14,37,Image List Definition,Training_Images,,0,1,Bussey Mouse Operant Mode 2 x 1 x low,3.0,,0,,0,,0,,0,cog_Mouse Pairwise Must Touch Training v3_RewardTone
18,0.0,15,36,List Array - Write,Training_Images,,0,5,Image 1,1.0,Image 2,2,Image 3,3,Image 4,4,Image 5,5,cog_Mouse Pairwise Must Touch Training v3_RewardTone
18,0.0,16,36,List Array - Write,Training_Images,,0,5,Image 6,6.0,Image 7,7,Image 8,8,Image 9,9,Image 10,10,cog_Mouse Pairwise Must Touch Training v3_RewardTone
18,0.0,17,36,List Array - Write,Training_Images,,0,5,Image 11,11.0,Image 12,12,Image 13,13,Image 14,14,Image 15,15,cog_Mouse Pairwise Must Touch Training v3_RewardTone
18,0.0,18,36,List Array - Write,Training_Images,,0,5,Image 16,16.0,Image 17,17,Image 18,18,Image 19,19,Image 20,20,cog_Mouse Pairwise Must Touch Training v3_RewardTone
18,0.0,19,36,List Array - Write,Training_Images,,0,5,Image 21,21.0,Image 22,22,Image 23,23,Image 24,24,Image 25,25,cog_Mouse Pairwise Must Touch Training v3_RewardTone
18,0.0,20,36,List Array - Write,Training_Images,,0,5,Image 26,26.0,Image 27,27,Image 28,28,Image 29,29,Image 30,30,cog_Mouse Pairwise Must Touch Training v3_RewardTone
18,0.0,21,36,List Array - Write,Training_Images,,0,5,Image 31,31.0,Image 32,32,Image 33,33,Image 34,34,Image 35,35,cog_Mouse Pairwise Must Touch Training v3_RewardTone
18,0.0,22,36,List Array - Write,Training_Images,,0,5,Image 36,36.0,Image 37,37,Image 38,38,Image 39,39,Image 40,40,cog_Mouse Pairwise Must Touch Training v3_RewardTone
18,0.0,23,16,Variable Event,_Trial_Counter,,0,1,Value,0.0,,0,,0,,0,,0,cog_Mouse Pairwise Must Touch Training v3_RewardTone
18,0.0,24,16,Variable Event,A1Sound1,,0,1,Value,0.0,,0,,0,,0,,0,cog_Mouse Pairwise Must Touch Training v3_RewardTone
18,0.0,25,16,Variable Event,A2Sound2,,0,1,Value,1.0,,0,,0,,0,,0,cog_Mouse Pairwise Must Touch Training v3_RewardTone
18,0.0,26,16,Variable Event,A3Sound3,,0,1,Value,0.0,,0,,0,,0,,0,cog_Mouse Pairwise Must Touch Training v3_RewardTone
18,0.0,27,16,Variable Event,Blank_Touch_Counter,,0,1,Value,0.0,,0,,0,,0,,0,cog_Mouse Pairwise Must Touch Training v3_RewardTone
18,0.0,28,16,Variable Event,Correct_Counter,,0,1,Value,0.0,,0,,0,,0,,0,cog_Mouse Pairwise Must Touch Training v3_RewardTone
18,0.0,29,16,Variable Event,Correct_Grid_Position,,0,1,Value,0.0,,0,,0,,0,,0,cog_Mouse Pairwise Must Touch Training v3_RewardTone
18,0.0,30,16,Variable Event,Feeder_Pulse_Time,,0,1,Value,280.0,,0,,0,,0,,0,cog_Mouse Pairwise Must Touch Training v3_RewardTone
18,0.0,31,16,Variable Event,First_Trial,,0,1,Value,1.0,,0,,0,,0,,0,cog_Mouse Pairwise Must Touch Training v3_RewardTone
18,0.0,32,16,Variable Event,Houselight_Normally_On,,0,1,Value,0.0,,0,,0,,0,,0,cog_Mouse Pairwise Must Touch Training v3_RewardTone
18,0.0,33,16,Variable Event,Incorrect_Grid_Position,,0,1,Value,0.0,,0,,0,,0,,0,cog_Mouse Pairwise Must Touch Training v3_RewardTone
18,0.0,34,16,Variable Event,ITI,,0,1,Value,3.0,,0,,0,,0,,0,cog_Mouse Pairwise Must Touch Training v3_RewardTone
18,0.0,35,16,Variable Event,Left,,0,1,Value,1.0,,0,,0,,0,,0,cog_Mouse Pairwise Must Touch Training v3_RewardTone
18,0.0,36,16,Variable Event,Left_Touches_during_ITI,,0,1,Value,0.0,,0,,0,,0,,0,cog_Mouse Pairwise Must Touch Training v3_RewardTone
18,0.0,37,16,Variable Event,Post_Reward_Tone_Delay,,0,1,Value,0.5,,0,,0,,0,,0,cog_Mouse Pairwise Must Touch Training v3_RewardTone
18,0.0,38,16,Variable Event,Reward_Tone_Duration,,0,1,Value,500.0,,0,,0,,0,,0,cog_Mouse Pairwise Must Touch Training v3_RewardTone
18,0.0,39,16,Variable Event,Right,,0,1,Value,2.0,,0,,0,,0,,0,cog_Mouse Pairwise Must Touch Training v3_RewardTone
18,0.0,40,16,Variable Event,Right_touches_during_ITI,,0,1,Value,0.0,,0,,0,,0,,0,cog_Mouse Pairwise Must Touch Training v3_RewardTone
18,0.0,41,16,Variable Event,Tone_Duration,,0,1,Value,1000.0,,0,,0,,0,,0,cog_Mouse Pairwise Must Touch Training v3_RewardTone
18,0.0,42,74,Audio List Items Described,audio,,0,1,Tone: 12000 Hz,1.0,,0,,0,,0,,0,cog_Mouse Pairwise Must Touch Training v3_RewardTone
18,0.0,43,72,Image List Items Described,Background,,0,1,<ABETMultimediaFolder>\PAL\5.bmp,1.0,,0,,0,,0,,0,cog_Mouse Pairwise Must Touch Training v3_RewardTone
18,0.0,44,72,Image List Items Described,Images,,0,2,<ABETMultimediaFolder>\PD\PD New Mouse\800x600-marbles-240x240.bmp,1.0,<ABETMultimediaFolder>\PD\PD New Mouse\800x600-flag-240x240.bmp,2,,0,,0,,0,cog_Mouse Pairwise Must Touch Training v3_RewardTone
18,0.0,45,72,Image List Items Described,Training_Images,,0,5,<ABETMultimediaFolder>\PD Training\New 2x1 Mouse\800x600-40-240x240.bmp,1.0,<ABETMultimediaFolder>\PD Training\New 2x1 Mouse\800x600-1-240x240.bmp,2,<ABETMultimediaFolder>\PD Training\New 2x1 Mouse\800x600-2-240x240.bmp,3,<ABETMultimediaFolder>\PD Training\New 2x1 Mouse\800x600-3-240x240.bmp,4,<ABETMultimediaFolder>\PD Training\New 2x1 Mouse\800x600-4-240x240.bmp,5,cog_Mouse Pairwise Must Touch Training v3_RewardTone
18,0.0,46,72,Image List Items Described,Training_Images,,0,5,<ABETMultimediaFolder>\PD Training\New 2x1 Mouse\800x600-5-240x240.bmp,6.0,<ABETMultimediaFolder>\PD Training\New 2x1 Mouse\800x600-6-240x240.bmp,7,<ABETMultimediaFolder>\PD Training\New 2x1 Mouse\800x600-7-240x240.bmp,8,<ABETMultimediaFolder>\PD Training\New 2x1 Mouse\800x600-8-240x240.bmp,9,<ABETMultimediaFolder>\PD Training\New 2x1 Mouse\800x600-9-240x240.bmp,10,cog_Mouse Pairwise Must Touch Training v3_RewardTone
18,0.0,47,72,Image List Items Described,Training_Images,,0,5,<ABETMultimediaFolder>\PD Training\New 2x1 Mouse\800x600-10-240x240.bmp,11.0,<ABETMultimediaFolder>\PD Training\New 2x1 Mouse\800x600-11-240x240.bmp,12,<ABETMultimediaFolder>\PD Training\New 2x1 Mouse\800x600-12-240x240.bmp,13,<ABETMultimediaFolder>\PD Training\New 2x1 Mouse\800x600-13-240x240.bmp,14,<ABETMultimediaFolder>\PD Training\New 2x1 Mouse\800x600-14-240x240.bmp,15,cog_Mouse Pairwise Must Touch Training v3_RewardTone
18,0.0,48,72,Image List Items Described,Training_Images,,0,5,<ABETMultimediaFolder>\PD Training\New 2x1 Mouse\800x600-15-240x240.bmp,16.0,<ABETMultimediaFolder>\PD Training\New 2x1 Mouse\800x600-16-240x240.bmp,17,<ABETMultimediaFolder>\PD Training\New 2x1 Mouse\800x600-17-240x240.bmp,18,<ABETMultimediaFolder>\PD Training\New 2x1 Mouse\800x600-18-240x240.bmp,19,<ABETMultimediaFolder>\PD Training\New 2x1 Mouse\800x600-19-240x240.bmp,20,cog_Mouse Pairwise Must Touch Training v3_RewardTone
18,0.0,49,72,Image List Items Described,Training_Images,,0,5,<ABETMultimediaFolder>\PD Training\New 2x1 Mouse\800x600-20-240x240.bmp,21.0,<ABETMultimediaFolder>\PD Training\New 2x1 Mouse\800x600-21-240x240.bmp,22,<ABETMultimediaFolder>\PD Training\New 2x1 Mouse\800x600-22-240x240.bmp,23,<ABETMultimediaFolder>\PD Training\New 2x1 Mouse\800x600-23-240x240.bmp,24,<ABETMultimediaFolder>\PD Training\New 2x1 Mouse\800x600-24-240x240.bmp,25,cog_Mouse Pairwise Must Touch Training v3_RewardTone
18,0.0,50,72,Image List Items Described,Training_Images,,0,5,<ABETMultimediaFolder>\PD Training\New 2x1 Mouse\800x600-25-240x240.bmp,26.0,<ABETMultimediaFolder>\PD Training\New 2x1 Mouse\800x600-26-240x240.bmp,27,<ABETMultimediaFolder>\PD Training\New 2x1 Mouse\800x600-27-240x240.bmp,28,<ABETMultimediaFolder>\PD Training\New 2x1 Mouse\800x600-28-240x240.bmp,29,<ABETMultimediaFolder>\PD Training\New 2x1 Mouse\800x600-29-240x240.bmp,30,cog_Mouse Pairwise Must Touch Training v3_RewardTone
18,0.0,51,72,Image List Items Described,Training_Images,,0,5,<ABETMultimediaFolder>\PD Training\New 2x1 Mouse\800x600-30-240x240.bmp,31.0,<ABETMultimediaFolder>\PD Training\New 2x1 Mouse\800x600-31-240x240.bmp,32,<ABETMultimediaFolder>\PD Training\New 2x1 Mouse\800x600-32-240x240.bmp,33,<ABETMultimediaFolder>\PD Training\New 2x1 Mouse\800x600-33-240x240.bmp,34,<ABETMultimediaFolder>\PD Training\New 2x1 Mouse\800x600-34-240x240.bmp,35,cog_Mouse Pairwise Must Touch Training v3_RewardTone
18,0.0,52,72,Image List Items Described,Training_Images,,0,5,<ABETMultimediaFolder>\PD Training\New 2x1 Mouse\800x600-35-240x240.bmp,36.0,<ABETMultimediaFolder>\PD Training\New 2x1 Mouse\800x600-36-240x240.bmp,37,<ABETMultimediaFolder>\PD Training\New 2x1 Mouse\800x600-37-240x240.bmp,38,<ABETMultimediaFolder>\PD Training\New 2x1 Mouse\800x600-38-240x240.bmp,39,<ABETMultimediaFolder>\PD Training\New 2x1 Mouse\800x600-39-240x240.bmp,40,cog_Mouse Pairwise Must Touch Training v3_RewardTone
18,0.0,53,10003,INFO,(SYSTEM),(INFO),0,1,24 Volt is online.,0.0,,0,,0,,0,,0,cog_Mouse Pairwise Must Touch Training v3_RewardTone
18,0.0,54,10003,INFO,(SYSTEM),(INFO),0,1,24 Volt is online.,0.0,,0,,0,,0,,0,cog_Mouse Pairwise Must Touch Training v3_RewardTone
18,0.0,55,0,Schedule Startup Event,(SYSTEM),,0,0,,0.0,,0,,0,,0,,0,cog_Mouse Pairwise Must Touch Training v3_RewardTone
18,0.0,56,29,Timer Event,_Schedule_Timer,,0,1,Value,0.0,,0,,0,,0,,0,cog_Mouse Pairwise Must Touch Training v3_RewardTone
18,0.0,57,21,Group Change Event,Group Change,,0,1,New Group,1.0,,0,,0,,0,,0,cog_Mouse Pairwise Must Touch Training v3_RewardTone
18,0.0,58,17,List Change - Set,audio,,1,2,Index,1.0,correct tone,1,,0,,0,,0,cog_Mouse Pairwise Must Touch Training v3_RewardTone
18,0.0,59,17,List Change - Set,Background,,1,2,Index,1.0,Image 1,1,,0,,0,,0,cog_Mouse Pairwise Must Touch Training v3_RewardTone
18,0.0,60,17,List Change - Set,Grid_Position,,1,2,Index,4.0,Value,1,,0,,0,,0,cog_Mouse Pairwise Must Touch Training v3_RewardTone
18,0.0,61,17,List Change - Set,Images,,1,2,Index,1.0,Image 1,1,,0,,0,,0,cog_Mouse Pairwise Must Touch Training v3_RewardTone
18,0.0,62,17,List Change - Set,Training_Images,,1,2,Index,11.0,Image 11,11,,0,,0,,0,cog_Mouse Pairwise Must Touch Training v3_RewardTone
18,0.0,63,1,Condition Event,Set Blank Images,,1,0,,0.0,,0,,0,,0,,0,cog_Mouse Pairwise Must Touch Training v3_RewardTone
18,0.0,64,32,Display Image,Bussey Mouse Operant Mode 2 x 1 x low,Background,1,2,Position,1.0,Image 1,0,,0,,0,,0,cog_Mouse Pairwise Must Touch Training v3_RewardTone
18,0.0,65,32,Display Image,Bussey Mouse Operant Mode 2 x 1 x low,Background,1,2,Position,2.0,Image 1,0,,0,,0,,0,cog_Mouse Pairwise Must Touch Training v3_RewardTone
18,0.0,66,16,Variable Event,Post_Reward_Tone_Delay,,1,1,Value,500.0,,0,,0,,0,,0,cog_Mouse Pairwise Must Touch Training v3_RewardTone
18,0.0,67,16,Variable Event,Post_Reward_Tone_Delay,,1,1,Value,1000.0,,0,,0,,0,,0,cog_Mouse Pairwise Must Touch Training v3_RewardTone
18,0.0,68,16,Variable Event,Post_Reward_Tone_Delay,,1,1,Value,1.0,,0,,0,,0,,0,cog_Mouse Pairwise Must Touch Training v3_RewardTone
18,0.0,69,1,Condition Event,Adjust Sound Level 2,,1,0,,0.0,,0,,0,,0,,0,cog_Mouse Pairwise Must Touch Training v3_RewardTone
18,0.0,70,21,Group Change Event,Group Change,,1,1,New Group,2.0,,0,,0,,0,,0,cog_Mouse Pairwise Must Touch Training v3_RewardTone
18,0.001,71,1,Condition Event,Set Image position,,2,0,,0.0,,0,,0,,0,,0,cog_Mouse Pairwise Must Touch Training v3_RewardTone
18,0.001,72,16,Variable Event,Correct_Grid_Position,,2,1,Value,1.0,,0,,0,,0,,0,cog_Mouse Pairwise Must Touch Training v3_RewardTone
18,0.001,73,17,List Change - Set,Grid_Position,,2,2,Index,10.0,Value,2,,0,,0,,0,cog_Mouse Pairwise Must Touch Training v3_RewardTone
18,0.001,74,21,Group Change Event,Group Change,,2,1,New Group,3.0,,0,,0,,0,,0,cog_Mouse Pairwise Must Touch Training v3_RewardTone
18,0.001,75,1,Condition Event,Incorrect Right,,3,0,,0.0,,0,,0,,0,,0,cog_Mouse Pairwise Must Touch Training v3_RewardTone
18,0.001,76,16,Variable Event,Incorrect_Grid_Position,,3,1,Value,2.0,,0,,0,,0,,0,cog_Mouse Pairwise Must Touch Training v3_RewardTone
18,0.001,77,21,Group Change Event,Group Change,,3,1,New Group,4.0,,0,,0,,0,,0,cog_Mouse Pairwise Must Touch Training v3_RewardTone
18,0.001,78,1,Condition Event,Start ITI,,4,0,,0.0,,0,,0,,0,,0,cog_Mouse Pairwise Must Touch Training v3_RewardTone
18,0.001,79,29,Timer Event,ITI_Timer,,4,1,Value,0.0,,0,,0,,0,,0,cog_Mouse Pairwise Must Touch Training v3_RewardTone
18,0.001,80,21,Group Change Event,Group Change,,4,1,New Group,5.0,,0,,0,,0,,0,cog_Mouse Pairwise Must Touch Training v3_RewardTone
18,3.001,81,1,Condition Event,No Increment Trial Counter,,5,0,,0.0,,0,,0,,0,,0,cog_Mouse Pairwise Must Touch Training v3_RewardTone
18,3.001,82,21,Group Change Event,Group Change,,5,1,New Group,6.0,,0,,0,,0,,0,cog_Mouse Pairwise Must Touch Training v3_RewardTone
18,3.001,83,1,Condition Event,Display Image,,6,0,,0.0,,0,,0,,0,,0,cog_Mouse Pairwise Must Touch Training v3_RewardTone
18,3.001,84,32,Display Image,Bussey Mouse Operant Mode 2 x 1 x low,Training_Images,6,2,Position,1.0,Image 11,10,,0,,0,,0,cog_Mouse Pairwise Must Touch Training v3_RewardTone
18,3.001,85,4,Output Off Event,TrayLight #1,,6,0,,0.0,,0,,0,,0,,0,cog_Mouse Pairwise Must Touch Training v3_RewardTone
18,3.001,86,17,List Change - Set,Training_Images,,6,2,Index,2.0,Image 2,2,,0,,0,,0,cog_Mouse Pairwise Must Touch Training v3_RewardTone
18,3.001,87,21,Group Change Event,Group Change,,6,1,New Group,7.0,,0,,0,,0,,0,cog_Mouse Pairwise Must Touch Training v3_RewardTone
18,6.314,88,38,Input Transition On Event,Tray #1,,7,0,,0.0,,0,,0,,0,,0,cog_Mouse Pairwise Must Touch Training v3_RewardTone
18,6.799,89,39,Input Transition Off Event,Tray #1,,7,0,,0.0,,0,,0,,0,,0,cog_Mouse Pairwise Must Touch Training v3_RewardTone
18,6.829,90,38,Input Transition On Event,Tray #1,,7,0,,0.0,,0,,0,,0,,0,cog_Mouse Pairwise Must Touch Training v3_RewardTone
18,7.453,91,39,Input Transition Off Event,Tray #1,,7,0,,0.0,,0,,0,,0,,0,cog_Mouse Pairwise Must Touch Training v3_RewardTone
18,14.205,92,39,Input Transition Off Event,BIRBeam #1,,7,0,,0.0,,0,,0,,0,,0,cog_Mouse Pairwise Must Touch Training v3_RewardTone
18,15.204,93,38,Input Transition On Event,FIRBeam #1,,7,0,,0.0,,0,,0,,0,,0,cog_Mouse Pairwise Must Touch Training v3_RewardTone
18,20.108,94,39,Input Transition Off Event,FIRBeam #1,,7,0,,0.0,,0,,0,,0,,0,cog_Mouse Pairwise Must Touch Training v3_RewardTone
18,20.421,95,38,Input Transition On Event,FIRBeam #1,,7,0,,0.0,,0,,0,,0,,0,cog_Mouse Pairwise Must Touch Training v3_RewardTone
18,20.801,96,39,Input Transition Off Event,FIRBeam #1,,7,0,,0.0,,0,,0,,0,,0,cog_Mouse Pairwise Must Touch Training v3_RewardTone
18,21.66,97,38,Input Transition On Event,FIRBeam #1,,7,0,,0.0,,0,,0,,0,,0,cog_Mouse Pairwise Must Touch Training v3_RewardTone
18,26.663,98,39,Input Transition Off Event,FIRBeam #1,,7,0,,0.0,,0,,0,,0,,0,cog_Mouse Pairwise Must Touch Training v3_RewardTone
18,26.737,99,38,Input Transition On Event,BIRBeam #1,,7,0,,0.0,,0,,0,,0,,0,cog_Mouse Pairwise Must Touch Training v3_RewardTone
18,40.952,100,38,Input Transition On Event,Tray #1,,7,0,,0.0,,0,,0,,0,,0,cog_Mouse Pairwise Must Touch Training v3_RewardTone
18,41.194,101,39,Input Transition Off Event,Tray #1,,7,0,,0.0,,0,,0,,0,,0,cog_Mouse Pairwise Must Touch Training v3_RewardTone
18,41.245,102,38,Input Transition On Event,Tray #1,,7,0,,0.0,,0,,0,,0,,0,cog_Mouse Pairwise Must Touch Training v3_RewardTone
18,41.282,103,39,Input Transition Off Event,Tray #1,,7,0,,0.0,,0,,0,,0,,0,cog_Mouse Pairwise Must Touch Training v3_RewardTone
18,41.45,104,38,Input Transition On Event,Tray #1,,7,0,,0.0,,0,,0,,0,,0,cog_Mouse Pairwise Must Touch Training v3_RewardTone
18,43.971,105,39,Input Transition Off Event,Tray #1,,7,0,,0.0,,0,,0,,0,,0,cog_Mouse Pairwise Must Touch Training v3_RewardTone
18,46.886,106,38,Input Transition On Event,Tray #1,,7,0,,0.0,,0,,0,,0,,0,cog_Mouse Pairwise Must Touch Training v3_RewardTone
18,47.217,107,39,Input Transition Off Event,Tray #1,,7,0,,0.0,,0,,0,,0,,0,cog_Mouse Pairwise Must Touch Training v3_RewardTone
18,53.444,108,38,Input Transition On Event,Tray #1,,7,0,,0.0,,0,,0,,0,,0,cog_Mouse Pairwise Must Touch Training v3_RewardTone
18,56.194,109,39,Input Transition Off Event,Tray #1,,7,0,,0.0,,0,,0,,0,,0,cog_Mouse Pairwise Must Touch Training v3_RewardTone
18,73.414,110,39,Input Transition Off Event,BIRBeam #1,,7,0,,0.0,,0,,0,,0,,0,cog_Mouse Pairwise Must Touch Training v3_RewardTone
18,76.619,111,38,Input Transition On Event,FIRBeam #1,,7,0,,0.0,,0,,0,,0,,0,cog_Mouse Pairwise Must Touch Training v3_RewardTone
18,83.899,112,39,Input Transition Off Event,FIRBeam #1,,7,0,,0.0,,0,,0,,0,,0,cog_Mouse Pairwise Must Touch Training v3_RewardTone
18,83.961,113,38,Input Transition On Event,FIRBeam #1,,7,0,,0.0,,0,,0,,0,,0,cog_Mouse Pairwise Must Touch Training v3_RewardTone
18,83.994,114,39,Input Transition Off Event,FIRBeam #1,,7,0,,0.0,,0,,0,,0,,0,cog_Mouse Pairwise Must Touch Training v3_RewardTone
18,84.008,115,38,Input Transition On Event,BIRBeam #1,,7,0,,0.0,,0,,0,,0,,0,cog_Mouse Pairwise Must Touch Training v3_RewardTone
18,84.461,116,38,Input Transition On Event,Tray #1,,7,0,,0.0,,0,,0,,0,,0,cog_Mouse Pairwise Must Touch Training v3_RewardTone
18,87.913,117,39,Input Transition Off Event,Tray #1,,7,0,,0.0,,0,,0,,0,,0,cog_Mouse Pairwise Must Touch Training v3_RewardTone
18,96.212,118,39,Input Transition Off Event,BIRBeam #1,,7,0,,0.0,,0,,0,,0,,0,cog_Mouse Pairwise Must Touch Training v3_RewardTone
18,97.675,119,38,Input Transition On Event,FIRBeam #1,,7,0,,0.0,,0,,0,,0,,0,cog_Mouse Pairwise Must Touch Training v3_RewardTone
18,103.099,120,39,Input Transition Off Event,FIRBeam #1,,7,0,,0.0,,0,,0,,0,,0,cog_Mouse Pairwise Must Touch Training v3_RewardTone
18,103.231,121,38,Input Transition On Event,BIRBeam #1,,7,0,,0.0,,0,,0,,0,,0,cog_Mouse Pairwise Must Touch Training v3_RewardTone
18,104.336,122,38,Input Transition On Event,Tray #1,,7,0,,0.0,,0,,0,,0,,0,cog_Mouse Pairwise Must Touch Training v3_RewardTone
18,104.405,123,39,Input Transition Off Event,Tray #1,,7,0,,0.0,,0,,0,,0,,0,cog_Mouse Pairwise Must Touch Training v3_RewardTone
18,106.437,124,39,Input Transition Off Event,BIRBeam #1,,7,0,,0.0,,0,,0,,0,,0,cog_Mouse Pairwise Must Touch Training v3_RewardTone
18,106.702,125,38,Input Transition On Event,FIRBeam #1,,7,0,,0.0,,0,,0,,0,,0,cog_Mouse Pairwise Must Touch Training v3_RewardTone
18,108.289,126,39,Input Transition Off Event,FIRBeam #1,,7,0,,0.0,,0,,0,,0,,0,cog_Mouse Pairwise Must Touch Training v3_RewardTone
18,108.346,127,38,Input Transition On Event,FIRBeam #1,,7,0,,0.0,,0,,0,,0,,0,cog_Mouse Pairwise Must Touch Training v3_RewardTone
18,108.371,128,39,Input Transition Off Event,FIRBeam #1,,7,0,,0.0,,0,,0,,0,,0,cog_Mouse Pairwise Must Touch Training v3_RewardTone
18,110.632,129,38,Input Transition On Event,FIRBeam #1,,7,0,,0.0,,0,,0,,0,,0,cog_Mouse Pairwise Must Touch Training v3_RewardTone
18,112.295,130,39,Input Transition Off Event,FIRBeam #1,,7,0,,0.0,,0,,0,,0,,0,cog_Mouse Pairwise Must Touch Training v3_RewardTone
18,112.979,131,30,Touch Down Event,Bussey Mouse Operant Mode 2 x 1 x low,,7,4,Position,1.0,Image 11,10,CoordX,153,CoordY,225,,0,cog_Mouse Pairwise Must Touch Training v3_RewardTone
18,112.979,132,1,Condition Event,Image Touched,,7,0,,0.0,,0,,0,,0,,0,cog_Mouse Pairwise Must Touch Training v3_RewardTone
18,112.979,133,32,Display Image,Bussey Mouse Operant Mode 2 x 1 x low,Background,7,2,Position,1.0,Image 1,0,,0,,0,,0,cog_Mouse Pairwise Must Touch Training v3_RewardTone
18,112.979,134,64,Play Audio Tone for Duration,(AUDIO),audio,7,3,correct tone,0.0,Intensity,100,Duration,500,,0,,0,cog_Mouse Pairwise Must Touch Training v3_RewardTone
18,112.979,135,29,Timer Event,Post_Reward_Tone_Delay_Timer,,7,1,Value,0.0,,0,,0,,0,,0,cog_Mouse Pairwise Must Touch Training v3_RewardTone
18,112.979,136,21,Group Change Event,Group Change,,7,1,New Group,9.0,,0,,0,,0,,0,cog_Mouse Pairwise Must Touch Training v3_RewardTone
18,113.136,137,31,Touch Up Event,Bussey Mouse Operant Mode 2 x 1 x low,,9,4,Position,1.0,Image 1,0,CoordX,153,CoordY,225,,0,cog_Mouse Pairwise Must Touch Training v3_RewardTone
18,113.446,138,38,Input Transition On Event,FIRBeam #1,,9,0,,0.0,,0,,0,,0,,0,cog_Mouse Pairwise Must Touch Training v3_RewardTone
18,113.833,139,39,Input Transition Off Event,FIRBeam #1,,9,0,,0.0,,0,,0,,0,,0,cog_Mouse Pairwise Must Touch Training v3_RewardTone
18,113.893,140,38,Input Transition On Event,BIRBeam #1,,9,0,,0.0,,0,,0,,0,,0,cog_Mouse Pairwise Must Touch Training v3_RewardTone
18,113.979,141,1,Condition Event,Post Reward Tone Delay,,9,0,,0.0,,0,,0,,0,,0,cog_Mouse Pairwise Must Touch Training v3_RewardTone
18,113.979,142,7,Pulse Output Event,Feeder #1,,9,1,Duration,0.28,,0,,0,,0,,0,cog_Mouse Pairwise Must Touch Training v3_RewardTone
18,113.979,143,3,Output On Event,TrayLight #1,,9,0,,0.0,,0,,0,,0,,0,cog_Mouse Pairwise Must Touch Training v3_RewardTone
18,113.979,144,16,Variable Event,Correct_Counter,,9,1,Value,1.0,,0,,0,,0,,0,cog_Mouse Pairwise Must Touch Training v3_RewardTone
18,113.979,145,16,Variable Event,First_Trial,,9,1,Value,0.0,,0,,0,,0,,0,cog_Mouse Pairwise Must Touch Training v3_RewardTone
18,113.979,146,29,Timer Event,Post_Reward_Tone_Delay_Timer,,9,1,Value,1.001,,0,,0,,0,,0,cog_Mouse Pairwise Must Touch Training v3_RewardTone
18,113.979,147,29,Timer Event,Post_Reward_Tone_Delay_Timer,,9,1,Value,0.0,,0,,0,,0,,0,cog_Mouse Pairwise Must Touch Training v3_RewardTone
18,113.979,148,21,Group Change Event,Group Change,,9,1,New Group,8.0,,0,,0,,0,,0,cog_Mouse Pairwise Must Touch Training v3_RewardTone
18,114.206,149,38,Input Transition On Event,Tray #1,,8,0,,0.0,,0,,0,,0,,0,cog_Mouse Pairwise Must Touch Training v3_RewardTone
18,114.206,150,1,Condition Event,Reward Collected Start ITI,,8,0,,0.0,,0,,0,,0,,0,cog_Mouse Pairwise Must Touch Training v3_RewardTone
18,114.206,151,4,Output Off Event,TrayLight #1,,8,0,,0.0,,0,,0,,0,,0,cog_Mouse Pairwise Must Touch Training v3_RewardTone
18,114.206,152,21,Group Change Event,Group Change,,8,1,New Group,2.0,,0,,0,,0,,0,cog_Mouse Pairwise Must Touch Training v3_RewardTone
18,114.207,153,1,Condition Event,Set Image position,,2,0,,0.0,,0,,0,,0,,0,cog_Mouse Pairwise Must Touch Training v3_RewardTone
18,114.207,154,16,Variable Event,Correct_Grid_Position,,2,1,Value,2.0,,0,,0,,0,,0,cog_Mouse Pairwise Must Touch Training v3_RewardTone
18,114.207,155,17,List Change - Set,Grid_Position,,2,2,Index,2.0,Value,1,,0,,0,,0,cog_Mouse Pairwise Must Touch Training v3_RewardTone
18,114.207,156,21,Group Change Event,Group Change,,2,1,New Group,3.0,,0,,0,,0,,0,cog_Mouse Pairwise Must Touch Training v3_RewardTone
18,114.207,157,1,Condition Event,Incorrect Left,,3,0,,0.0,,0,,0,,0,,0,cog_Mouse Pairwise Must Touch Training v3_RewardTone
18,114.207,158,16,Variable Event,Incorrect_Grid_Position,,3,1,Value,1.0,,0,,0,,0,,0,cog_Mouse Pairwise Must Touch Training v3_RewardTone
18,114.207,159,21,Group Change Event,Group Change,,3,1,New Group,4.0,,0,,0,,0,,0,cog_Mouse Pairwise Must Touch Training v3_RewardTone
18,114.207,160,1,Condition Event,Start ITI,,4,0,,0.0,,0,,0,,0,,0,cog_Mouse Pairwise Must Touch Training v3_RewardTone
18,114.207,161,29,Timer Event,ITI_Timer,,4,1,Value,0.0,,0,,0,,0,,0,cog_Mouse Pairwise Must Touch Training v3_RewardTone
18,114.207,162,21,Group Change Event,Group Change,,4,1,New Group,5.0,,0,,0,,0,,0,cog_Mouse Pairwise Must Touch Training v3_RewardTone
18,117.207,163,1,Condition Event,Increment Trial Counter,,5,0,,0.0,,0,,0,,0,,0,cog_Mouse Pairwise Must Touch Training v3_RewardTone
18,117.207,164,16,Variable Event,_Trial_Counter,,5,1,Value,1.0,,0,,0,,0,,0,cog_Mouse Pairwise Must Touch Training v3_RewardTone
18,117.207,165,21,Group Change Event,Group Change,,5,1,New Group,6.0,,0,,0,,0,,0,cog_Mouse Pairwise Must Touch Training v3_RewardTone
18,117.208,166,1,Condition Event,Display Image,,6,0,,0.0,,0,,0,,0,,0,cog_Mouse Pairwise Must Touch Training v3_RewardTone
18,117.208,167,32,Display Image,Bussey Mouse Operant Mode 2 x 1 x low,Training_Images,6,2,Position,2.0,Image 2,1,,0,,0,,0,cog_Mouse Pairwise Must Touch Training v3_RewardTone
18,117.208,168,4,Output Off Event,TrayLight #1,,6,0,,0.0,,0,,0,,0,,0,cog_Mouse Pairwise Must Touch Training v3_RewardTone
18,117.208,169,17,List Change - Set,Training_Images,,6,2,Index,26.0,Image 26,26,,0,,0,,0,cog_Mouse Pairwise Must Touch Training v3_RewardTone
18,117.208,170,21,Group Change Event,Group Change,,6,1,New Group,7.0,,0,,0,,0,,0,cog_Mouse Pairwise Must Touch Training v3_RewardTone
18,121.317,171,39,Input Transition Off Event,Tray #1,,7,0,,0.0,,0,,0,,0,,0,cog_Mouse Pairwise Must Touch Training v3_RewardTone
18,130.838,172,39,Input Transition Off Event,BIRBeam #1,,7,0,,0.0,,0,,0,,0,,0,cog_Mouse Pairwise Must Touch Training v3_RewardTone
18,131.465,173,38,Input Transition On Event,FIRBeam #1,,7,0,,0.0,,0,,0,,0,,0,cog_Mouse Pairwise Must Touch Training v3_RewardTone
18,145.824,174,39,Input Transition Off Event,FIRBeam #1,,7,0,,0.0,,0,,0,,0,,0,cog_Mouse Pairwise Must Touch Training v3_RewardTone
18,145.903,175,38,Input Transition On Event,BIRBeam #1,,7,0,,0.0,,0,,0,,0,,0,cog_Mouse Pairwise Must Touch Training v3_RewardTone
18,158.941,176,39,Input Transition Off Event,BIRBeam #1,,7,0,,0.0,,0,,0,,0,,0,cog_Mouse Pairwise Must Touch Training v3_RewardTone
18,159.022,177,38,Input Transition On Event,BIRBeam #1,,7,0,,0.0,,0,,0,,0,,0,cog_Mouse Pairwise Must Touch Training v3_RewardTone
18,159.089,178,39,Input Transition Off Event,BIRBeam #1,,7,0,,0.0,,0,,0,,0,,0,cog_Mouse Pairwise Must Touch Training v3_RewardTone
18,159.239,179,38,Input Transition On Event,FIRBeam #1,,7,0,,0.0,,0,,0,,0,,0,cog_Mouse Pairwise Must Touch Training v3_RewardTone
18,170.161,180,38,Input Transition On Event,BIRBeam #1,,7,0,,0.0,,0,,0,,0,,0,cog_Mouse Pairwise Must Touch Training v3_RewardTone
18,170.217,181,39,Input Transition Off Event,FIRBeam #1,,7,0,,0.0,,0,,0,,0,,0,cog_Mouse Pairwise Must Touch Training v3_RewardTone
18,171.007,182,38,Input Transition On Event,Tray #1,,7,0,,0.0,,0,,0,,0,,0,cog_Mouse Pairwise Must Touch Training v3_RewardTone
18,174.278,183,39,Input Transition Off Event,Tray #1,,7,0,,0.0,,0,,0,,0,,0,cog_Mouse Pairwise Must Touch Training v3_RewardTone
18,189.131,184,39,Input Transition Off Event,BIRBeam #1,,7,0,,0.0,,0,,0,,0,,0,cog_Mouse Pairwise Must Touch Training v3_RewardTone
18,189.687,185,38,Input Transition On Event,FIRBeam #1,,7,0,,0.0,,0,,0,,0,,0,cog_Mouse Pairwise Must Touch Training v3_RewardTone
18,193.594,186,39,Input Transition Off Event,FIRBeam #1,,7,0,,0.0,,0,,0,,0,,0,cog_Mouse Pairwise Must Touch Training v3_RewardTone
18,196.157,187,38,Input Transition On Event,FIRBeam #1,,7,0,,0.0,,0,,0,,0,,0,cog_Mouse Pairwise Must Touch Training v3_RewardTone
18,199.882,188,39,Input Transition Off Event,FIRBeam #1,,7,0,,0.0,,0,,0,,0,,0,cog_Mouse Pairwise Must Touch Training v3_RewardTone
18,201.008,189,38,Input Transition On Event,FIRBeam #1,,7,0,,0.0,,0,,0,,0,,0,cog_Mouse Pairwise Must Touch Training v3_RewardTone
18,201.511,190,39,Input Transition Off Event,FIRBeam #1,,7,0,,0.0,,0,,0,,0,,0,cog_Mouse Pairwise Must Touch Training v3_RewardTone
18,202.331,191,38,Input Transition On Event,FIRBeam #1,,7,0,,0.0,,0,,0,,0,,0,cog_Mouse Pairwise Must Touch Training v3_RewardTone
18,205.21,192,39,Input Transition Off Event,FIRBeam #1,,7,0,,0.0,,0,,0,,0,,0,cog_Mouse Pairwise Must Touch Training v3_RewardTone
18,205.839,193,38,Input Transition On Event,FIRBeam #1,,7,0,,0.0,,0,,0,,0,,0,cog_Mouse Pairwise Must Touch Training v3_RewardTone
18,206.535,194,39,Input Transition Off Event,FIRBeam #1,,7,0,,0.0,,0,,0,,0,,0,cog_Mouse Pairwise Must Touch Training v3_RewardTone
18,206.674,195,38,Input Transition On Event,BIRBeam #1,,7,0,,0.0,,0,,0,,0,,0,cog_Mouse Pairwise Must Touch Training v3_RewardTone
18,208.521,196,38,Input Transition On Event,Tray #1,,7,0,,0.0,,0,,0,,0,,0,cog_Mouse Pairwise Must Touch Training v3_RewardTone
18,209.474,197,39,Input Transition Off Event,Tray #1,,7,0,,0.0,,0,,0,,0,,0,cog_Mouse Pairwise Must Touch Training v3_RewardTone
18,210.135,198,38,Input Transition On Event,Tray #1,,7,0,,0.0,,0,,0,,0,,0,cog_Mouse Pairwise Must Touch Training v3_RewardTone
18,211.958,199,39,Input Transition Off Event,Tray #1,,7,0,,0.0,,0,,0,,0,,0,cog_Mouse Pairwise Must Touch Training v3_RewardTone
18,232.967,200,38,Input Transition On Event,Tray #1,,7,0,,0.0,,0,,0,,0,,0,cog_Mouse Pairwise Must Touch Training v3_RewardTone
18,233.042,201,39,Input Transition Off Event,Tray #1,,7,0,,0.0,,0,,0,,0,,0,cog_Mouse Pairwise Must Touch Training v3_RewardTone
18,243.22,202,38,Input Transition On Event,Tray #1,,7,0,,0.0,,0,,0,,0,,0,cog_Mouse Pairwise Must Touch Training v3_RewardTone
18,245.621,203,39,Input Transition Off Event,Tray #1,,7,0,,0.0,,0,,0,,0,,0,cog_Mouse Pairwise Must Touch Training v3_RewardTone
18,246.494,204,38,Input Transition On Event,Tray #1,,7,0,,0.0,,0,,0,,0,,0,cog_Mouse Pairwise Must Touch Training v3_RewardTone
18,246.556,205,39,Input Transition Off Event,Tray #1,,7,0,,0.0,,0,,0,,0,,0,cog_Mouse Pairwise Must Touch Training v3_RewardTone
18,253.794,206,38,Input Transition On Event,Tray #1,,7,0,,0.0,,0,,0,,0,,0,cog_Mouse Pairwise Must Touch Training v3_RewardTone
18,254.18,207,39,Input Transition Off Event,Tray #1,,7,0,,0.0,,0,,0,,0,,0,cog_Mouse Pairwise Must Touch Training v3_RewardTone
18,259.619,208,39,Input Transition Off Event,BIRBeam #1,,7,0,,0.0,,0,,0,,0,,0,cog_Mouse Pairwise Must Touch Training v3_RewardTone
18,263.317,209,38,Input Transition On Event,FIRBeam #1,,7,0,,0.0,,0,,0,,0,,0,cog_Mouse Pairwise Must Touch Training v3_RewardTone
18,264.859,210,39,Input Transition Off Event,FIRBeam #1,,7,0,,0.0,,0,,0,,0,,0,cog_Mouse Pairwise Must Touch Training v3_RewardTone
18,268.017,211,38,Input Transition On Event,FIRBeam #1,,7,0,,0.0,,0,,0,,0,,0,cog_Mouse Pairwise Must Touch Training v3_RewardTone
18,268.704,212,39,Input Transition Off Event,FIRBeam #1,,7,0,,0.0,,0,,0,,0,,0,cog_Mouse Pairwise Must Touch Training v3_RewardTone
18,269.144,213,38,Input Transition On Event,FIRBeam #1,,7,0,,0.0,,0,,0,,0,,0,cog_Mouse Pairwise Must Touch Training v3_RewardTone
18,287.91,214,39,Input Transition Off Event,FIRBeam #1,,7,0,,0.0,,0,,0,,0,,0,cog_Mouse Pairwise Must Touch Training v3_RewardTone
18,287.991,215,38,Input Transition On Event,FIRBeam #1,,7,0,,0.0,,0,,0,,0,,0,cog_Mouse Pairwise Must Touch Training v3_RewardTone
18,288.707,216,39,Input Transition Off Event,FIRBeam #1,,7,0,,0.0,,0,,0,,0,,0,cog_Mouse Pairwise Must Touch Training v3_RewardTone
18,288.839,217,38,Input Transition On Event,BIRBeam #1,,7,0,,0.0,,0,,0,,0,,0,cog_Mouse Pairwise Must Touch Training v3_RewardTone
18,290.495,218,38,Input Transition On Event,Tray #1,,7,0,,0.0,,0,,0,,0,,0,cog_Mouse Pairwise Must Touch Training v3_RewardTone
18,291.719,219,39,Input Transition Off Event,Tray #1,,7,0,,0.0,,0,,0,,0,,0,cog_Mouse Pairwise Must Touch Training v3_RewardTone
18,299.042,220,39,Input Transition Off Event,BIRBeam #1,,7,0,,0.0,,0,,0,,0,,0,cog_Mouse Pairwise Must Touch Training v3_RewardTone
18,299.358,221,38,Input Transition On Event,FIRBeam #1,,7,0,,0.0,,0,,0,,0,,0,cog_Mouse Pairwise Must Touch Training v3_RewardTone
18,307.415,222,39,Input Transition Off Event,FIRBeam #1,,7,0,,0.0,,0,,0,,0,,0,cog_Mouse Pairwise Must Touch Training v3_RewardTone
18,307.725,223,38,Input Transition On Event,FIRBeam #1,,7,0,,0.0,,0,,0,,0,,0,cog_Mouse Pairwise Must Touch Training v3_RewardTone
18,307.867,224,39,Input Transition Off Event,FIRBeam #1,,7,0,,0.0,,0,,0,,0,,0,cog_Mouse Pairwise Must Touch Training v3_RewardTone
18,310.379,225,38,Input Transition On Event,FIRBeam #1,,7,0,,0.0,,0,,0,,0,,0,cog_Mouse Pairwise Must Touch Training v3_RewardTone
18,311.369,226,39,Input Transition Off Event,FIRBeam #1,,7,0,,0.0,,0,,0,,0,,0,cog_Mouse Pairwise Must Touch Training v3_RewardTone
18,311.405,227,38,Input Transition On Event,BIRBeam #1,,7,0,,0.0,,0,,0,,0,,0,cog_Mouse Pairwise Must Touch Training v3_RewardTone
18,312.398,228,38,Input Transition On Event,Tray #1,,7,0,,0.0,,0,,0,,0,,0,cog_Mouse Pairwise Must Touch Training v3_RewardTone
18,312.554,229,39,Input Transition Off Event,Tray #1,,7,0,,0.0,,0,,0,,0,,0,cog_Mouse Pairwise Must Touch Training v3_RewardTone
18,312.758,230,38,Input Transition On Event,Tray #1,,7,0,,0.0,,0,,0,,0,,0,cog_Mouse Pairwise Must Touch Training v3_RewardTone
18,312.926,231,39,Input Transition Off Event,Tray #1,,7,0,,0.0,,0,,0,,0,,0,cog_Mouse Pairwise Must Touch Training v3_RewardTone
18,313.075,232,38,Input Transition On Event,Tray #1,,7,0,,0.0,,0,,0,,0,,0,cog_Mouse Pairwise Must Touch Training v3_RewardTone
18,314.975,233,39,Input Transition Off Event,Tray #1,,7,0,,0.0,,0,,0,,0,,0,cog_Mouse Pairwise Must Touch Training v3_RewardTone
18,329.077,234,39,Input Transition Off Event,BIRBeam #1,,7,0,,0.0,,0,,0,,0,,0,cog_Mouse Pairwise Must Touch Training v3_RewardTone
18,330.236,235,38,Input Transition On Event,FIRBeam #1,,7,0,,0.0,,0,,0,,0,,0,cog_Mouse Pairwise Must Touch Training v3_RewardTone
18,340.07,236,39,Input Transition Off Event,FIRBeam #1,,7,0,,0.0,,0,,0,,0,,0,cog_Mouse Pairwise Must Touch Training v3_RewardTone
18,341.408,237,38,Input Transition On Event,FIRBeam #1,,7,0,,0.0,,0,,0,,0,,0,cog_Mouse Pairwise Must Touch Training v3_RewardTone
18,344.073,238,30,Touch Down Event,Bussey Mouse Operant Mode 2 x 1 x low,,7,4,Position,0.0,(NoMedia),-1,CoordX,147,CoordY,362,,0,cog_Mouse Pairwise Must Touch Training v3_RewardTone
18,344.418,239,31,Touch Up Event,Bussey Mouse Operant Mode 2 x 1 x low,,7,4,Position,1.0,Image 1,0,CoordX,1,CoordY,72,,0,cog_Mouse Pairwise Must Touch Training v3_RewardTone
18,346.986,240,39,Input Transition Off Event,FIRBeam #1,,7,0,,0.0,,0,,0,,0,,0,cog_Mouse Pairwise Must Touch Training v3_RewardTone
18,348.684,241,38,Input Transition On Event,FIRBeam #1,,7,0,,0.0,,0,,0,,0,,0,cog_Mouse Pairwise Must Touch Training v3_RewardTone
18,351.218,242,39,Input Transition Off Event,FIRBeam #1,,7,0,,0.0,,0,,0,,0,,0,cog_Mouse Pairwise Must Touch Training v3_RewardTone
18,352.363,243,38,Input Transition On Event,FIRBeam #1,,7,0,,0.0,,0,,0,,0,,0,cog_Mouse Pairwise Must Touch Training v3_RewardTone
18,356.87,244,39,Input Transition Off Event,FIRBeam #1,,7,0,,0.0,,0,,0,,0,,0,cog_Mouse Pairwise Must Touch Training v3_RewardTone
18,356.92,245,38,Input Transition On Event,FIRBeam #1,,7,0,,0.0,,0,,0,,0,,0,cog_Mouse Pairwise Must Touch Training v3_RewardTone
18,356.933,246,39,Input Transition Off Event,FIRBeam #1,,7,0,,0.0,,0,,0,,0,,0,cog_Mouse Pairwise Must Touch Training v3_RewardTone
18,357.46,247,38,Input Transition On Event,FIRBeam #1,,7,0,,0.0,,0,,0,,0,,0,cog_Mouse Pairwise Must Touch Training v3_RewardTone
18,358.826,248,39,Input Transition Off Event,FIRBeam #1,,7,0,,0.0,,0,,0,,0,,0,cog_Mouse Pairwise Must Touch Training v3_RewardTone
18,359.122,249,38,Input Transition On Event,BIRBeam #1,,7,0,,0.0,,0,,0,,0,,0,cog_Mouse Pairwise Must Touch Training v3_RewardTone
18,373.676,250,39,Input Transition Off Event,BIRBeam #1,,7,0,,0.0,,0,,0,,0,,0,cog_Mouse Pairwise Must Touch Training v3_RewardTone
18,382.085,251,38,Input Transition On Event,FIRBeam #1,,7,0,,0.0,,0,,0,,0,,0,cog_Mouse Pairwise Must Touch Training v3_RewardTone
18,404.778,252,39,Input Transition Off Event,FIRBeam #1,,7,0,,0.0,,0,,0,,0,,0,cog_Mouse Pairwise Must Touch Training v3_RewardTone
18,407.15,253,38,Input Transition On Event,FIRBeam #1,,7,0,,0.0,,0,,0,,0,,0,cog_Mouse Pairwise Must Touch Training v3_RewardTone
18,407.925,254,39,Input Transition Off Event,FIRBeam #1,,7,0,,0.0,,0,,0,,0,,0,cog_Mouse Pairwise Must Touch Training v3_RewardTone
18,408.088,255,38,Input Transition On Event,BIRBeam #1,,7,0,,0.0,,0,,0,,0,,0,cog_Mouse Pairwise Must Touch Training v3_RewardTone
18,411.75,256,38,Input Transition On Event,Tray #1,,7,0,,0.0,,0,,0,,0,,0,cog_Mouse Pairwise Must Touch Training v3_RewardTone
18,411.958,257,39,Input Transition Off Event,Tray #1,,7,0,,0.0,,0,,0,,0,,0,cog_Mouse Pairwise Must Touch Training v3_RewardTone
18,411.972,258,38,Input Transition On Event,Tray #1,,7,0,,0.0,,0,,0,,0,,0,cog_Mouse Pairwise Must Touch Training v3_RewardTone
18,412.573,259,39,Input Transition Off Event,Tray #1,,7,0,,0.0,,0,,0,,0,,0,cog_Mouse Pairwise Must Touch Training v3_RewardTone
18,414.732,260,38,Input Transition On Event,Tray #1,,7,0,,0.0,,0,,0,,0,,0,cog_Mouse Pairwise Must Touch Training v3_RewardTone
18,416.82,261,39,Input Transition Off Event,Tray #1,,7,0,,0.0,,0,,0,,0,,0,cog_Mouse Pairwise Must Touch Training v3_RewardTone
18,447.382,262,38,Input Transition On Event,FIRBeam #1,,7,0,,0.0,,0,,0,,0,,0,cog_Mouse Pairwise Must Touch Training v3_RewardTone
18,447.443,263,39,Input Transition Off Event,BIRBeam #1,,7,0,,0.0,,0,,0,,0,,0,cog_Mouse Pairwise Must Touch Training v3_RewardTone
18,449.755,264,39,Input Transition Off Event,FIRBeam #1,,7,0,,0.0,,0,,0,,0,,0,cog_Mouse Pairwise Must Touch Training v3_RewardTone
18,449.827,265,38,Input Transition On Event,FIRBeam #1,,7,0,,0.0,,0,,0,,0,,0,cog_Mouse Pairwise Must Touch Training v3_RewardTone
18,450.159,266,39,Input Transition Off Event,FIRBeam #1,,7,0,,0.0,,0,,0,,0,,0,cog_Mouse Pairwise Must Touch Training v3_RewardTone
18,450.973,267,38,Input Transition On Event,FIRBeam #1,,7,0,,0.0,,0,,0,,0,,0,cog_Mouse Pairwise Must Touch Training v3_RewardTone
18,451.679,268,39,Input Transition Off Event,FIRBeam #1,,7,0,,0.0,,0,,0,,0,,0,cog_Mouse Pairwise Must Touch Training v3_RewardTone
18,452.364,269,38,Input Transition On Event,FIRBeam #1,,7,0,,0.0,,0,,0,,0,,0,cog_Mouse Pairwise Must Touch Training v3_RewardTone
18,452.386,270,39,Input Transition Off Event,FIRBeam #1,,7,0,,0.0,,0,,0,,0,,0,cog_Mouse Pairwise Must Touch Training v3_RewardTone
18,452.406,271,38,Input Transition On Event,FIRBeam #1,,7,0,,0.0,,0,,0,,0,,0,cog_Mouse Pairwise Must Touch Training v3_RewardTone
18,455.163,272,39,Input Transition Off Event,FIRBeam #1,,7,0,,0.0,,0,,0,,0,,0,cog_Mouse Pairwise Must Touch Training v3_RewardTone
18,455.201,273,38,Input Transition On Event,FIRBeam #1,,7,0,,0.0,,0,,0,,0,,0,cog_Mouse Pairwise Must Touch Training v3_RewardTone
18,458.765,274,30,Touch Down Event,Bussey Mouse Operant Mode 2 x 1 x low,,7,4,Position,2.0,Image 2,1,CoordX,209,CoordY,225,,0,cog_Mouse Pairwise Must Touch Training v3_RewardTone
18,458.765,275,1,Condition Event,Image Touched,,7,0,,0.0,,0,,0,,0,,0,cog_Mouse Pairwise Must Touch Training v3_RewardTone
18,458.765,276,32,Display Image,Bussey Mouse Operant Mode 2 x 1 x low,Background,7,2,Position,2.0,Image 1,0,,0,,0,,0,cog_Mouse Pairwise Must Touch Training v3_RewardTone
18,458.765,277,64,Play Audio Tone for Duration,(AUDIO),audio,7,3,correct tone,0.0,Intensity,100,Duration,500,,0,,0,cog_Mouse Pairwise Must Touch Training v3_RewardTone
18,458.765,278,29,Timer Event,Post_Reward_Tone_Delay_Timer,,7,1,Value,0.0,,0,,0,,0,,0,cog_Mouse Pairwise Must Touch Training v3_RewardTone
18,458.765,279,21,Group Change Event,Group Change,,7,1,New Group,9.0,,0,,0,,0,,0,cog_Mouse Pairwise Must Touch Training v3_RewardTone
18,458.937,280,31,Touch Up Event,Bussey Mouse Operant Mode 2 x 1 x low,,9,4,Position,2.0,Image 1,0,CoordX,209,CoordY,225,,0,cog_Mouse Pairwise Must Touch Training v3_RewardTone
18,459.765,281,1,Condition Event,Post Reward Tone Delay,,9,0,,0.0,,0,,0,,0,,0,cog_Mouse Pairwise Must Touch Training v3_RewardTone
18,459.765,282,7,Pulse Output Event,Feeder #1,,9,1,Duration,0.28,,0,,0,,0,,0,cog_Mouse Pairwise Must Touch Training v3_RewardTone
18,459.765,283,3,Output On Event,TrayLight #1,,9,0,,0.0,,0,,0,,0,,0,cog_Mouse Pairwise Must Touch Training v3_RewardTone
18,459.765,284,16,Variable Event,Correct_Counter,,9,1,Value,2.0,,0,,0,,0,,0,cog_Mouse Pairwise Must Touch Training v3_RewardTone
18,459.765,285,16,Variable Event,First_Trial,,9,1,Value,0.0,,0,,0,,0,,0,cog_Mouse Pairwise Must Touch Training v3_RewardTone
18,459.765,286,29,Timer Event,Post_Reward_Tone_Delay_Timer,,9,1,Value,1.001,,0,,0,,0,,0,cog_Mouse Pairwise Must Touch Training v3_RewardTone
18,459.765,287,29,Timer Event,Post_Reward_Tone_Delay_Timer,,9,1,Value,0.0,,0,,0,,0,,0,cog_Mouse Pairwise Must Touch Training v3_RewardTone
18,459.765,288,21,Group Change Event,Group Change,,9,1,New Group,8.0,,0,,0,,0,,0,cog_Mouse Pairwise Must Touch Training v3_RewardTone
18,460.569,289,39,Input Transition Off Event,FIRBeam #1,,8,0,,0.0,,0,,0,,0,,0,cog_Mouse Pairwise Must Touch Training v3_RewardTone
18,460.7,290,38,Input Transition On Event,BIRBeam #1,,8,0,,0.0,,0,,0,,0,,0,cog_Mouse Pairwise Must Touch Training v3_RewardTone
18,461.052,291,38,Input Transition On Event,Tray #1,,8,0,,0.0,,0,,0,,0,,0,cog_Mouse Pairwise Must Touch Training v3_RewardTone
18,461.052,292,1,Condition Event,Reward Collected Start ITI,,8,0,,0.0,,0,,0,,0,,0,cog_Mouse Pairwise Must Touch Training v3_RewardTone
18,461.052,293,4,Output Off Event,TrayLight #1,,8,0,,0.0,,0,,0,,0,,0,cog_Mouse Pairwise Must Touch Training v3_RewardTone
18,461.052,294,21,Group Change Event,Group Change,,8,1,New Group,2.0,,0,,0,,0,,0,cog_Mouse Pairwise Must Touch Training v3_RewardTone
18,461.053,295,1,Condition Event,Set Image position,,2,0,,0.0,,0,,0,,0,,0,cog_Mouse Pairwise Must Touch Training v3_RewardTone
18,461.053,296,16,Variable Event,Correct_Grid_Position,,2,1,Value,1.0,,0,,0,,0,,0,cog_Mouse Pairwise Must Touch Training v3_RewardTone
18,461.053,297,17,List Change - Set,Grid_Position,,2,2,Index,5.0,Value,1,,0,,0,,0,cog_Mouse Pairwise Must Touch Training v3_RewardTone
18,461.053,298,21,Group Change Event,Group Change,,2,1,New Group,3.0,,0,,0,,0,,0,cog_Mouse Pairwise Must Touch Training v3_RewardTone
18,461.053,299,1,Condition Event,Incorrect Right,,3,0,,0.0,,0,,0,,0,,0,cog_Mouse Pairwise Must Touch Training v3_RewardTone
18,461.053,300,16,Variable Event,Incorrect_Grid_Position,,3,1,Value,2.0,,0,,0,,0,,0,cog_Mouse Pairwise Must Touch Training v3_RewardTone
18,461.053,301,21,Group Change Event,Group Change,,3,1,New Group,4.0,,0,,0,,0,,0,cog_Mouse Pairwise Must Touch Training v3_RewardTone
18,461.053,302,1,Condition Event,Start ITI,,4,0,,0.0,,0,,0,,0,,0,cog_Mouse Pairwise Must Touch Training v3_RewardTone
18,461.053,303,29,Timer Event,ITI_Timer,,4,1,Value,0.0,,0,,0,,0,,0,cog_Mouse Pairwise Must Touch Training v3_RewardTone
18,461.053,304,21,Group Change Event,Group Change,,4,1,New Group,5.0,,0,,0,,0,,0,cog_Mouse Pairwise Must Touch Training v3_RewardTone
18,464.053,305,1,Condition Event,Increment Trial Counter,,5,0,,0.0,,0,,0,,0,,0,cog_Mouse Pairwise Must Touch Training v3_RewardTone
18,464.053,306,16,Variable Event,_Trial_Counter,,5,1,Value,2.0,,0,,0,,0,,0,cog_Mouse Pairwise Must Touch Training v3_RewardTone
18,464.053,307,21,Group Change Event,Group Change,,5,1,New Group,6.0,,0,,0,,0,,0,cog_Mouse Pairwise Must Touch Training v3_RewardTone
18,464.054,308,1,Condition Event,Display Image,,6,0,,0.0,,0,,0,,0,,0,cog_Mouse Pairwise Must Touch Training v3_RewardTone
18,464.054,309,32,Display Image,Bussey Mouse Operant Mode 2 x 1 x low,Training_Images,6,2,Position,1.0,Image 26,25,,0,,0,,0,cog_Mouse Pairwise Must Touch Training v3_RewardTone
18,464.054,310,4,Output Off Event,TrayLight #1,,6,0,,0.0,,0,,0,,0,,0,cog_Mouse Pairwise Must Touch Training v3_RewardTone
18,464.054,311,17,List Change - Set,Training_Images,,6,2,Index,7.0,Image 7,7,,0,,0,,0,cog_Mouse Pairwise Must Touch Training v3_RewardTone
18,464.054,312,21,Group Change Event,Group Change,,6,1,New Group,7.0,,0,,0,,0,,0,cog_Mouse Pairwise Must Touch Training v3_RewardTone
18,466.126,313,39,Input Transition Off Event,Tray #1,,7,0,,0.0,,0,,0,,0,,0,cog_Mouse Pairwise Must Touch Training v3_RewardTone
18,475.341,314,39,Input Transition Off Event,BIRBeam #1,,7,0,,0.0,,0,,0,,0,,0,cog_Mouse Pairwise Must Touch Training v3_RewardTone
18,477.0,315,38,Input Transition On Event,FIRBeam #1,,7,0,,0.0,,0,,0,,0,,0,cog_Mouse Pairwise Must Touch Training v3_RewardTone
18,479.296,316,39,Input Transition Off Event,FIRBeam #1,,7,0,,0.0,,0,,0,,0,,0,cog_Mouse Pairwise Must Touch Training v3_RewardTone
18,481.053,317,38,Input Transition On Event,FIRBeam #1,,7,0,,0.0,,0,,0,,0,,0,cog_Mouse Pairwise Must Touch Training v3_RewardTone
18,482.44,318,39,Input Transition Off Event,FIRBeam #1,,7,0,,0.0,,0,,0,,0,,0,cog_Mouse Pairwise Must Touch Training v3_RewardTone
18,485.318,319,38,Input Transition On Event,BIRBeam #1,,7,0,,0.0,,0,,0,,0,,0,cog_Mouse Pairwise Must Touch Training v3_RewardTone
18,490.277,320,38,Input Transition On Event,Tray #1,,7,0,,0.0,,0,,0,,0,,0,cog_Mouse Pairwise Must Touch Training v3_RewardTone
18,492.684,321,39,Input Transition Off Event,Tray #1,,7,0,,0.0,,0,,0,,0,,0,cog_Mouse Pairwise Must Touch Training v3_RewardTone
18,495.437,322,39,Input Transition Off Event,BIRBeam #1,,7,0,,0.0,,0,,0,,0,,0,cog_Mouse Pairwise Must Touch Training v3_RewardTone
18,496.136,323,38,Input Transition On Event,FIRBeam #1,,7,0,,0.0,,0,,0,,0,,0,cog_Mouse Pairwise Must Touch Training v3_RewardTone
18,508.271,324,39,Input Transition Off Event,FIRBeam #1,,7,0,,0.0,,0,,0,,0,,0,cog_Mouse Pairwise Must Touch Training v3_RewardTone
18,508.54,325,38,Input Transition On Event,FIRBeam #1,,7,0,,0.0,,0,,0,,0,,0,cog_Mouse Pairwise Must Touch Training v3_RewardTone
18,509.688,326,39,Input Transition Off Event,FIRBeam #1,,7,0,,0.0,,0,,0,,0,,0,cog_Mouse Pairwise Must Touch Training v3_RewardTone
18,512.431,327,38,Input Transition On Event,FIRBeam #1,,7,0,,0.0,,0,,0,,0,,0,cog_Mouse Pairwise Must Touch Training v3_RewardTone
18,512.862,328,39,Input Transition Off Event,FIRBeam #1,,7,0,,0.0,,0,,0,,0,,0,cog_Mouse Pairwise Must Touch Training v3_RewardTone
18,513.528,329,38,Input Transition On Event,FIRBeam #1,,7,0,,0.0,,0,,0,,0,,0,cog_Mouse Pairwise Must Touch Training v3_RewardTone
18,513.753,330,39,Input Transition Off Event,FIRBeam #1,,7,0,,0.0,,0,,0,,0,,0,cog_Mouse Pairwise Must Touch Training v3_RewardTone
18,514.633,331,38,Input Transition On Event,FIRBeam #1,,7,0,,0.0,,0,,0,,0,,0,cog_Mouse Pairwise Must Touch Training v3_RewardTone
18,518.292,332,39,Input Transition Off Event,FIRBeam #1,,7,0,,0.0,,0,,0,,0,,0,cog_Mouse Pairwise Must Touch Training v3_RewardTone
18,518.338,333,38,Input Transition On Event,FIRBeam #1,,7,0,,0.0,,0,,0,,0,,0,cog_Mouse Pairwise Must Touch Training v3_RewardTone
18,518.795,334,39,Input Transition Off Event,FIRBeam #1,,7,0,,0.0,,0,,0,,0,,0,cog_Mouse Pairwise Must Touch Training v3_RewardTone
18,521.993,335,38,Input Transition On Event,FIRBeam #1,,7,0,,0.0,,0,,0,,0,,0,cog_Mouse Pairwise Must Touch Training v3_RewardTone
18,522.592,336,39,Input Transition Off Event,FIRBeam #1,,7,0,,0.0,,0,,0,,0,,0,cog_Mouse Pairwise Must Touch Training v3_RewardTone
18,525.779,337,38,Input Transition On Event,FIRBeam #1,,7,0,,0.0,,0,,0,,0,,0,cog_Mouse Pairwise Must Touch Training v3_RewardTone
18,545.17,338,39,Input Transition Off Event,FIRBeam #1,,7,0,,0.0,,0,,0,,0,,0,cog_Mouse Pairwise Must Touch Training v3_RewardTone
18,545.34,339,38,Input Transition On Event,BIRBeam #1,,7,0,,0.0,,0,,0,,0,,0,cog_Mouse Pairwise Must Touch Training v3_RewardTone
18,564.823,340,38,Input Transition On Event,Tray #1,,7,0,,0.0,,0,,0,,0,,0,cog_Mouse Pairwise Must Touch Training v3_RewardTone
18,571.888,341,39,Input Transition Off Event,Tray #1,,7,0,,0.0,,0,,0,,0,,0,cog_Mouse Pairwise Must Touch Training v3_RewardTone
18,572.253,342,38,Input Transition On Event,Tray #1,,7,0,,0.0,,0,,0,,0,,0,cog_Mouse Pairwise Must Touch Training v3_RewardTone
18,572.364,343,39,Input Transition Off Event,Tray #1,,7,0,,0.0,,0,,0,,0,,0,cog_Mouse Pairwise Must Touch Training v3_RewardTone
18,573.048,344,38,Input Transition On Event,Tray #1,,7,0,,0.0,,0,,0,,0,,0,cog_Mouse Pairwise Must Touch Training v3_RewardTone
18,573.092,345,39,Input Transition Off Event,Tray #1,,7,0,,0.0,,0,,0,,0,,0,cog_Mouse Pairwise Must Touch Training v3_RewardTone
18,574.303,346,38,Input Transition On Event,Tray #1,,7,0,,0.0,,0,,0,,0,,0,cog_Mouse Pairwise Must Touch Training v3_RewardTone
18,574.403,347,39,Input Transition Off Event,Tray #1,,7,0,,0.0,,0,,0,,0,,0,cog_Mouse Pairwise Must Touch Training v3_RewardTone
18,574.468,348,38,Input Transition On Event,Tray #1,,7,0,,0.0,,0,,0,,0,,0,cog_Mouse Pairwise Must Touch Training v3_RewardTone
18,574.758,349,39,Input Transition Off Event,Tray #1,,7,0,,0.0,,0,,0,,0,,0,cog_Mouse Pairwise Must Touch Training v3_RewardTone
18,574.782,350,38,Input Transition On Event,Tray #1,,7,0,,0.0,,0,,0,,0,,0,cog_Mouse Pairwise Must Touch Training v3_RewardTone
18,575.608,351,39,Input Transition Off Event,Tray #1,,7,0,,0.0,,0,,0,,0,,0,cog_Mouse Pairwise Must Touch Training v3_RewardTone
18,596.871,352,38,Input Transition On Event,Tray #1,,7,0,,0.0,,0,,0,,0,,0,cog_Mouse Pairwise Must Touch Training v3_RewardTone
18,596.942,353,39,Input Transition Off Event,Tray #1,,7,0,,0.0,,0,,0,,0,,0,cog_Mouse Pairwise Must Touch Training v3_RewardTone
18,597.139,354,38,Input Transition On Event,Tray #1,,7,0,,0.0,,0,,0,,0,,0,cog_Mouse Pairwise Must Touch Training v3_RewardTone
18,597.35,355,39,Input Transition Off Event,Tray #1,,7,0,,0.0,,0,,0,,0,,0,cog_Mouse Pairwise Must Touch Training v3_RewardTone
18,597.416,356,38,Input Transition On Event,Tray #1,,7,0,,0.0,,0,,0,,0,,0,cog_Mouse Pairwise Must Touch Training v3_RewardTone
18,597.47,357,39,Input Transition Off Event,Tray #1,,7,0,,0.0,,0,,0,,0,,0,cog_Mouse Pairwise Must Touch Training v3_RewardTone
18,597.544,358,38,Input Transition On Event,Tray #1,,7,0,,0.0,,0,,0,,0,,0,cog_Mouse Pairwise Must Touch Training v3_RewardTone
18,599.912,359,39,Input Transition Off Event,Tray #1,,7,0,,0.0,,0,,0,,0,,0,cog_Mouse Pairwise Must Touch Training v3_RewardTone
18,601.203,360,38,Input Transition On Event,Tray #1,,7,0,,0.0,,0,,0,,0,,0,cog_Mouse Pairwise Must Touch Training v3_RewardTone
18,601.24,361,39,Input Transition Off Event,Tray #1,,7,0,,0.0,,0,,0,,0,,0,cog_Mouse Pairwise Must Touch Training v3_RewardTone
18,601.276,362,38,Input Transition On Event,Tray #1,,7,0,,0.0,,0,,0,,0,,0,cog_Mouse Pairwise Must Touch Training v3_RewardTone
18,601.449,363,39,Input Transition Off Event,Tray #1,,7,0,,0.0,,0,,0,,0,,0,cog_Mouse Pairwise Must Touch Training v3_RewardTone
18,601.793,364,38,Input Transition On Event,Tray #1,,7,0,,0.0,,0,,0,,0,,0,cog_Mouse Pairwise Must Touch Training v3_RewardTone
18,606.131,365,39,Input Transition Off Event,Tray #1,,7,0,,0.0,,0,,0,,0,,0,cog_Mouse Pairwise Must Touch Training v3_RewardTone
18,606.17,366,38,Input Transition On Event,Tray #1,,7,0,,0.0,,0,,0,,0,,0,cog_Mouse Pairwise Must Touch Training v3_RewardTone
18,606.342,367,39,Input Transition Off Event,Tray #1,,7,0,,0.0,,0,,0,,0,,0,cog_Mouse Pairwise Must Touch Training v3_RewardTone
18,606.375,368,38,Input Transition On Event,Tray #1,,7,0,,0.0,,0,,0,,0,,0,cog_Mouse Pairwise Must Touch Training v3_RewardTone
18,607.595,369,39,Input Transition Off Event,Tray #1,,7,0,,0.0,,0,,0,,0,,0,cog_Mouse Pairwise Must Touch Training v3_RewardTone
18,614.865,370,39,Input Transition Off Event,BIRBeam #1,,7,0,,0.0,,0,,0,,0,,0,cog_Mouse Pairwise Must Touch Training v3_RewardTone
18,615.747,371,38,Input Transition On Event,FIRBeam #1,,7,0,,0.0,,0,,0,,0,,0,cog_Mouse Pairwise Must Touch Training v3_RewardTone
18,615.886,372,39,Input Transition Off Event,FIRBeam #1,,7,0,,0.0,,0,,0,,0,,0,cog_Mouse Pairwise Must Touch Training v3_RewardTone
18,616.355,373,38,Input Transition On Event,FIRBeam #1,,7,0,,0.0,,0,,0,,0,,0,cog_Mouse Pairwise Must Touch Training v3_RewardTone
18,624.591,374,39,Input Transition Off Event,FIRBeam #1,,7,0,,0.0,,0,,0,,0,,0,cog_Mouse Pairwise Must Touch Training v3_RewardTone
18,625.006,375,38,Input Transition On Event,FIRBeam #1,,7,0,,0.0,,0,,0,,0,,0,cog_Mouse Pairwise Must Touch Training v3_RewardTone
18,628.75,376,39,Input Transition Off Event,FIRBeam #1,,7,0,,0.0,,0,,0,,0,,0,cog_Mouse Pairwise Must Touch Training v3_RewardTone
18,629.073,377,38,Input Transition On Event,BIRBeam #1,,7,0,,0.0,,0,,0,,0,,0,cog_Mouse Pairwise Must Touch Training v3_RewardTone
18,641.812,378,39,Input Transition Off Event,BIRBeam #1,,7,0,,0.0,,0,,0,,0,,0,cog_Mouse Pairwise Must Touch Training v3_RewardTone
18,642.396,379,38,Input Transition On Event,FIRBeam #1,,7,0,,0.0,,0,,0,,0,,0,cog_Mouse Pairwise Must Touch Training v3_RewardTone
18,649.041,380,39,Input Transition Off Event,FIRBeam #1,,7,0,,0.0,,0,,0,,0,,0,cog_Mouse Pairwise Must Touch Training v3_RewardTone
18,649.053,381,38,Input Transition On Event,FIRBeam #1,,7,0,,0.0,,0,,0,,0,,0,cog_Mouse Pairwise Must Touch Training v3_RewardTone
18,654.081,382,39,Input Transition Off Event,FIRBeam #1,,7,0,,0.0,,0,,0,,0,,0,cog_Mouse Pairwise Must Touch Training v3_RewardTone
18,654.233,383,38,Input Transition On Event,BIRBeam #1,,7,0,,0.0,,0,,0,,0,,0,cog_Mouse Pairwise Must Touch Training v3_RewardTone
18,679.995,384,38,Input Transition On Event,Tray #1,,7,0,,0.0,,0,,0,,0,,0,cog_Mouse Pairwise Must Touch Training v3_RewardTone
18,680.061,385,39,Input Transition Off Event,Tray #1,,7,0,,0.0,,0,,0,,0,,0,cog_Mouse Pairwise Must Touch Training v3_RewardTone
18,680.144,386,38,Input Transition On Event,Tray #1,,7,0,,0.0,,0,,0,,0,,0,cog_Mouse Pairwise Must Touch Training v3_RewardTone
18,680.653,387,39,Input Transition Off Event,Tray #1,,7,0,,0.0,,0,,0,,0,,0,cog_Mouse Pairwise Must Touch Training v3_RewardTone
18,707.132,388,39,Input Transition Off Event,BIRBeam #1,,7,0,,0.0,,0,,0,,0,,0,cog_Mouse Pairwise Must Touch Training v3_RewardTone
18,707.993,389,38,Input Transition On Event,FIRBeam #1,,7,0,,0.0,,0,,0,,0,,0,cog_Mouse Pairwise Must Touch Training v3_RewardTone
18,708.74,390,39,Input Transition Off Event,FIRBeam #1,,7,0,,0.0,,0,,0,,0,,0,cog_Mouse Pairwise Must Touch Training v3_RewardTone
18,710.435,391,38,Input Transition On Event,FIRBeam #1,,7,0,,0.0,,0,,0,,0,,0,cog_Mouse Pairwise Must Touch Training v3_RewardTone
18,736.913,392,39,Input Transition Off Event,FIRBeam #1,,7,0,,0.0,,0,,0,,0,,0,cog_Mouse Pairwise Must Touch Training v3_RewardTone
18,736.984,393,38,Input Transition On Event,BIRBeam #1,,7,0,,0.0,,0,,0,,0,,0,cog_Mouse Pairwise Must Touch Training v3_RewardTone
18,777.555,394,39,Input Transition Off Event,BIRBeam #1,,7,0,,0.0,,0,,0,,0,,0,cog_Mouse Pairwise Must Touch Training v3_RewardTone
18,780.498,395,38,Input Transition On Event,FIRBeam #1,,7,0,,0.0,,0,,0,,0,,0,cog_Mouse Pairwise Must Touch Training v3_RewardTone
18,797.365,396,39,Input Transition Off Event,FIRBeam #1,,7,0,,0.0,,0,,0,,0,,0,cog_Mouse Pairwise Must Touch Training v3_RewardTone
18,797.554,397,38,Input Transition On Event,BIRBeam #1,,7,0,,0.0,,0,,0,,0,,0,cog_Mouse Pairwise Must Touch Training v3_RewardTone
18,806.138,398,38,Input Transition On Event,Tray #1,,7,0,,0.0,,0,,0,,0,,0,cog_Mouse Pairwise Must Touch Training v3_RewardTone
18,807.065,399,39,Input Transition Off Event,Tray #1,,7,0,,0.0,,0,,0,,0,,0,cog_Mouse Pairwise Must Touch Training v3_RewardTone
18,816.317,400,39,Input Transition Off Event,BIRBeam #1,,7,0,,0.0,,0,,0,,0,,0,cog_Mouse Pairwise Must Touch Training v3_RewardTone
18,817.129,401,38,Input Transition On Event,BIRBeam #1,,7,0,,0.0,,0,,0,,0,,0,cog_Mouse Pairwise Must Touch Training v3_RewardTone
18,822.037,402,38,Input Transition On Event,Tray #1,,7,0,,0.0,,0,,0,,0,,0,cog_Mouse Pairwise Must Touch Training v3_RewardTone
18,823.786,403,39,Input Transition Off Event,Tray #1,,7,0,,0.0,,0,,0,,0,,0,cog_Mouse Pairwise Must Touch Training v3_RewardTone
18,824.609,404,38,Input Transition On Event,Tray #1,,7,0,,0.0,,0,,0,,0,,0,cog_Mouse Pairwise Must Touch Training v3_RewardTone
18,825.34,405,39,Input Transition Off Event,Tray #1,,7,0,,0.0,,0,,0,,0,,0,cog_Mouse Pairwise Must Touch Training v3_RewardTone
18,831.354,406,39,Input Transition Off Event,BIRBeam #1,,7,0,,0.0,,0,,0,,0,,0,cog_Mouse Pairwise Must Touch Training v3_RewardTone
18,831.496,407,38,Input Transition On Event,FIRBeam #1,,7,0,,0.0,,0,,0,,0,,0,cog_Mouse Pairwise Must Touch Training v3_RewardTone
18,834.834,408,39,Input Transition Off Event,FIRBeam #1,,7,0,,0.0,,0,,0,,0,,0,cog_Mouse Pairwise Must Touch Training v3_RewardTone
18,835.13,409,38,Input Transition On Event,FIRBeam #1,,7,0,,0.0,,0,,0,,0,,0,cog_Mouse Pairwise Must Touch Training v3_RewardTone
18,835.154,410,39,Input Transition Off Event,FIRBeam #1,,7,0,,0.0,,0,,0,,0,,0,cog_Mouse Pairwise Must Touch Training v3_RewardTone
18,835.215,411,38,Input Transition On Event,FIRBeam #1,,7,0,,0.0,,0,,0,,0,,0,cog_Mouse Pairwise Must Touch Training v3_RewardTone
18,845.485,412,39,Input Transition Off Event,FIRBeam #1,,7,0,,0.0,,0,,0,,0,,0,cog_Mouse Pairwise Must Touch Training v3_RewardTone
18,845.583,413,38,Input Transition On Event,BIRBeam #1,,7,0,,0.0,,0,,0,,0,,0,cog_Mouse Pairwise Must Touch Training v3_RewardTone
18,868.903,414,39,Input Transition Off Event,BIRBeam #1,,7,0,,0.0,,0,,0,,0,,0,cog_Mouse Pairwise Must Touch Training v3_RewardTone
18,873.015,415,38,Input Transition On Event,FIRBeam #1,,7,0,,0.0,,0,,0,,0,,0,cog_Mouse Pairwise Must Touch Training v3_RewardTone
18,873.066,416,39,Input Transition Off Event,FIRBeam #1,,7,0,,0.0,,0,,0,,0,,0,cog_Mouse Pairwise Must Touch Training v3_RewardTone
18,874.256,417,38,Input Transition On Event,BIRBeam #1,,7,0,,0.0,,0,,0,,0,,0,cog_Mouse Pairwise Must Touch Training v3_RewardTone
18,892.873,418,38,Input Transition On Event,Tray #1,,7,0,,0.0,,0,,0,,0,,0,cog_Mouse Pairwise Must Touch Training v3_RewardTone
18,893.352,419,39,Input Transition Off Event,Tray #1,,7,0,,0.0,,0,,0,,0,,0,cog_Mouse Pairwise Must Touch Training v3_RewardTone
18,893.4,420,38,Input Transition On Event,Tray #1,,7,0,,0.0,,0,,0,,0,,0,cog_Mouse Pairwise Must Touch Training v3_RewardTone
18,893.531,421,39,Input Transition Off Event,Tray #1,,7,0,,0.0,,0,,0,,0,,0,cog_Mouse Pairwise Must Touch Training v3_RewardTone
18,904.055,422,39,Input Transition Off Event,BIRBeam #1,,7,0,,0.0,,0,,0,,0,,0,cog_Mouse Pairwise Must Touch Training v3_RewardTone
18,904.83,423,38,Input Transition On Event,FIRBeam #1,,7,0,,0.0,,0,,0,,0,,0,cog_Mouse Pairwise Must Touch Training v3_RewardTone
18,907.503,424,39,Input Transition Off Event,FIRBeam #1,,7,0,,0.0,,0,,0,,0,,0,cog_Mouse Pairwise Must Touch Training v3_RewardTone
18,908.255,425,38,Input Transition On Event,FIRBeam #1,,7,0,,0.0,,0,,0,,0,,0,cog_Mouse Pairwise Must Touch Training v3_RewardTone
18,912.772,426,39,Input Transition Off Event,FIRBeam #1,,7,0,,0.0,,0,,0,,0,,0,cog_Mouse Pairwise Must Touch Training v3_RewardTone
18,912.837,427,38,Input Transition On Event,FIRBeam #1,,7,0,,0.0,,0,,0,,0,,0,cog_Mouse Pairwise Must Touch Training v3_RewardTone
18,912.859,428,39,Input Transition Off Event,FIRBeam #1,,7,0,,0.0,,0,,0,,0,,0,cog_Mouse Pairwise Must Touch Training v3_RewardTone
18,913.123,429,38,Input Transition On Event,FIRBeam #1,,7,0,,0.0,,0,,0,,0,,0,cog_Mouse Pairwise Must Touch Training v3_RewardTone
18,914.244,430,39,Input Transition Off Event,FIRBeam #1,,7,0,,0.0,,0,,0,,0,,0,cog_Mouse Pairwise Must Touch Training v3_RewardTone
18,914.326,431,38,Input Transition On Event,FIRBeam #1,,7,0,,0.0,,0,,0,,0,,0,cog_Mouse Pairwise Must Touch Training v3_RewardTone
18,919.966,432,39,Input Transition Off Event,FIRBeam #1,,7,0,,0.0,,0,,0,,0,,0,cog_Mouse Pairwise Must Touch Training v3_RewardTone
18,921.253,433,38,Input Transition On Event,FIRBeam #1,,7,0,,0.0,,0,,0,,0,,0,cog_Mouse Pairwise Must Touch Training v3_RewardTone
18,926.748,434,39,Input Transition Off Event,FIRBeam #1,,7,0,,0.0,,0,,0,,0,,0,cog_Mouse Pairwise Must Touch Training v3_RewardTone
18,927.255,435,38,Input Transition On Event,FIRBeam #1,,7,0,,0.0,,0,,0,,0,,0,cog_Mouse Pairwise Must Touch Training v3_RewardTone
18,928.122,436,39,Input Transition Off Event,FIRBeam #1,,7,0,,0.0,,0,,0,,0,,0,cog_Mouse Pairwise Must Touch Training v3_RewardTone
18,928.215,437,38,Input Transition On Event,FIRBeam #1,,7,0,,0.0,,0,,0,,0,,0,cog_Mouse Pairwise Must Touch Training v3_RewardTone
18,928.237,438,39,Input Transition Off Event,FIRBeam #1,,7,0,,0.0,,0,,0,,0,,0,cog_Mouse Pairwise Must Touch Training v3_RewardTone
18,928.248,439,38,Input Transition On Event,BIRBeam #1,,7,0,,0.0,,0,,0,,0,,0,cog_Mouse Pairwise Must Touch Training v3_RewardTone
18,928.749,440,38,Input Transition On Event,Tray #1,,7,0,,0.0,,0,,0,,0,,0,cog_Mouse Pairwise Must Touch Training v3_RewardTone
18,928.803,441,39,Input Transition Off Event,Tray #1,,7,0,,0.0,,0,,0,,0,,0,cog_Mouse Pairwise Must Touch Training v3_RewardTone
18,933.664,442,39,Input Transition Off Event,BIRBeam #1,,7,0,,0.0,,0,,0,,0,,0,cog_Mouse Pairwise Must Touch Training v3_RewardTone
18,933.997,443,38,Input Transition On Event,FIRBeam #1,,7,0,,0.0,,0,,0,,0,,0,cog_Mouse Pairwise Must Touch Training v3_RewardTone
18,952.719,444,39,Input Transition Off Event,FIRBeam #1,,7,0,,0.0,,0,,0,,0,,0,cog_Mouse Pairwise Must Touch Training v3_RewardTone
18,952.929,445,38,Input Transition On Event,FIRBeam #1,,7,0,,0.0,,0,,0,,0,,0,cog_Mouse Pairwise Must Touch Training v3_RewardTone
18,953.55,446,39,Input Transition Off Event,FIRBeam #1,,7,0,,0.0,,0,,0,,0,,0,cog_Mouse Pairwise Must Touch Training v3_RewardTone
18,953.926,447,38,Input Transition On Event,FIRBeam #1,,7,0,,0.0,,0,,0,,0,,0,cog_Mouse Pairwise Must Touch Training v3_RewardTone
18,953.95,448,39,Input Transition Off Event,FIRBeam #1,,7,0,,0.0,,0,,0,,0,,0,cog_Mouse Pairwise Must Touch Training v3_RewardTone
18,954.02,449,38,Input Transition On Event,FIRBeam #1,,7,0,,0.0,,0,,0,,0,,0,cog_Mouse Pairwise Must Touch Training v3_RewardTone
18,954.042,450,39,Input Transition Off Event,FIRBeam #1,,7,0,,0.0,,0,,0,,0,,0,cog_Mouse Pairwise Must Touch Training v3_RewardTone
18,954.18,451,38,Input Transition On Event,FIRBeam #1,,7,0,,0.0,,0,,0,,0,,0,cog_Mouse Pairwise Must Touch Training v3_RewardTone
18,957.747,452,39,Input Transition Off Event,FIRBeam #1,,7,0,,0.0,,0,,0,,0,,0,cog_Mouse Pairwise Must Touch Training v3_RewardTone
18,957.799,453,38,Input Transition On Event,FIRBeam #1,,7,0,,0.0,,0,,0,,0,,0,cog_Mouse Pairwise Must Touch Training v3_RewardTone
18,957.865,454,39,Input Transition Off Event,FIRBeam #1,,7,0,,0.0,,0,,0,,0,,0,cog_Mouse Pairwise Must Touch Training v3_RewardTone
18,957.919,455,38,Input Transition On Event,FIRBeam #1,,7,0,,0.0,,0,,0,,0,,0,cog_Mouse Pairwise Must Touch Training v3_RewardTone
18,958.675,456,39,Input Transition Off Event,FIRBeam #1,,7,0,,0.0,,0,,0,,0,,0,cog_Mouse Pairwise Must Touch Training v3_RewardTone
18,961.028,457,38,Input Transition On Event,FIRBeam #1,,7,0,,0.0,,0,,0,,0,,0,cog_Mouse Pairwise Must Touch Training v3_RewardTone
18,961.161,458,39,Input Transition Off Event,FIRBeam #1,,7,0,,0.0,,0,,0,,0,,0,cog_Mouse Pairwise Must Touch Training v3_RewardTone
18,961.367,459,38,Input Transition On Event,FIRBeam #1,,7,0,,0.0,,0,,0,,0,,0,cog_Mouse Pairwise Must Touch Training v3_RewardTone
18,961.384,460,39,Input Transition Off Event,FIRBeam #1,,7,0,,0.0,,0,,0,,0,,0,cog_Mouse Pairwise Must Touch Training v3_RewardTone
18,961.571,461,38,Input Transition On Event,FIRBeam #1,,7,0,,0.0,,0,,0,,0,,0,cog_Mouse Pairwise Must Touch Training v3_RewardTone
18,967.783,462,39,Input Transition Off Event,FIRBeam #1,,7,0,,0.0,,0,,0,,0,,0,cog_Mouse Pairwise Must Touch Training v3_RewardTone
18,968.058,463,38,Input Transition On Event,FIRBeam #1,,7,0,,0.0,,0,,0,,0,,0,cog_Mouse Pairwise Must Touch Training v3_RewardTone
18,969.277,464,39,Input Transition Off Event,FIRBeam #1,,7,0,,0.0,,0,,0,,0,,0,cog_Mouse Pairwise Must Touch Training v3_RewardTone
18,969.413,465,38,Input Transition On Event,BIRBeam #1,,7,0,,0.0,,0,,0,,0,,0,cog_Mouse Pairwise Must Touch Training v3_RewardTone
18,1055.095,466,39,Input Transition Off Event,BIRBeam #1,,7,0,,0.0,,0,,0,,0,,0,cog_Mouse Pairwise Must Touch Training v3_RewardTone
18,1057.811,467,38,Input Transition On Event,BIRBeam #1,,7,0,,0.0,,0,,0,,0,,0,cog_Mouse Pairwise Must Touch Training v3_RewardTone
18,1058.306,468,38,Input Transition On Event,Tray #1,,7,0,,0.0,,0,,0,,0,,0,cog_Mouse Pairwise Must Touch Training v3_RewardTone
18,1058.689,469,39,Input Transition Off Event,Tray #1,,7,0,,0.0,,0,,0,,0,,0,cog_Mouse Pairwise Must Touch Training v3_RewardTone
18,1356.299,470,38,Input Transition On Event,Tray #1,,7,0,,0.0,,0,,0,,0,,0,cog_Mouse Pairwise Must Touch Training v3_RewardTone
18,1357.083,471,39,Input Transition Off Event,Tray #1,,7,0,,0.0,,0,,0,,0,,0,cog_Mouse Pairwise Must Touch Training v3_RewardTone
18,1362.469,472,38,Input Transition On Event,Tray #1,,7,0,,0.0,,0,,0,,0,,0,cog_Mouse Pairwise Must Touch Training v3_RewardTone
18,1362.646,473,39,Input Transition Off Event,Tray #1,,7,0,,0.0,,0,,0,,0,,0,cog_Mouse Pairwise Must Touch Training v3_RewardTone
18,1543.005,474,39,Input Transition Off Event,BIRBeam #1,,7,0,,0.0,,0,,0,,0,,0,cog_Mouse Pairwise Must Touch Training v3_RewardTone
18,1543.673,475,38,Input Transition On Event,FIRBeam #1,,7,0,,0.0,,0,,0,,0,,0,cog_Mouse Pairwise Must Touch Training v3_RewardTone
18,1555.564,476,39,Input Transition Off Event,FIRBeam #1,,7,0,,0.0,,0,,0,,0,,0,cog_Mouse Pairwise Must Touch Training v3_RewardTone
18,1556.956,477,38,Input Transition On Event,FIRBeam #1,,7,0,,0.0,,0,,0,,0,,0,cog_Mouse Pairwise Must Touch Training v3_RewardTone
18,1556.974,478,39,Input Transition Off Event,FIRBeam #1,,7,0,,0.0,,0,,0,,0,,0,cog_Mouse Pairwise Must Touch Training v3_RewardTone
18,1557.039,479,38,Input Transition On Event,FIRBeam #1,,7,0,,0.0,,0,,0,,0,,0,cog_Mouse Pairwise Must Touch Training v3_RewardTone
18,1561.407,480,39,Input Transition Off Event,FIRBeam #1,,7,0,,0.0,,0,,0,,0,,0,cog_Mouse Pairwise Must Touch Training v3_RewardTone
18,1561.592,481,38,Input Transition On Event,BIRBeam #1,,7,0,,0.0,,0,,0,,0,,0,cog_Mouse Pairwise Must Touch Training v3_RewardTone
18,1565.162,482,39,Input Transition Off Event,BIRBeam #1,,7,0,,0.0,,0,,0,,0,,0,cog_Mouse Pairwise Must Touch Training v3_RewardTone
18,1565.526,483,38,Input Transition On Event,FIRBeam #1,,7,0,,0.0,,0,,0,,0,,0,cog_Mouse Pairwise Must Touch Training v3_RewardTone
18,1567.814,484,39,Input Transition Off Event,FIRBeam #1,,7,0,,0.0,,0,,0,,0,,0,cog_Mouse Pairwise Must Touch Training v3_RewardTone
18,1567.846,485,38,Input Transition On Event,FIRBeam #1,,7,0,,0.0,,0,,0,,0,,0,cog_Mouse Pairwise Must Touch Training v3_RewardTone
18,1570.022,486,39,Input Transition Off Event,FIRBeam #1,,7,0,,0.0,,0,,0,,0,,0,cog_Mouse Pairwise Must Touch Training v3_RewardTone
18,1572.731,487,38,Input Transition On Event,FIRBeam #1,,7,0,,0.0,,0,,0,,0,,0,cog_Mouse Pairwise Must Touch Training v3_RewardTone
18,1572.973,488,39,Input Transition Off Event,FIRBeam #1,,7,0,,0.0,,0,,0,,0,,0,cog_Mouse Pairwise Must Touch Training v3_RewardTone
18,1574.529,489,38,Input Transition On Event,FIRBeam #1,,7,0,,0.0,,0,,0,,0,,0,cog_Mouse Pairwise Must Touch Training v3_RewardTone
18,1576.804,490,39,Input Transition Off Event,FIRBeam #1,,7,0,,0.0,,0,,0,,0,,0,cog_Mouse Pairwise Must Touch Training v3_RewardTone
18,1577.837,491,38,Input Transition On Event,FIRBeam #1,,7,0,,0.0,,0,,0,,0,,0,cog_Mouse Pairwise Must Touch Training v3_RewardTone
18,1578.278,492,39,Input Transition Off Event,FIRBeam #1,,7,0,,0.0,,0,,0,,0,,0,cog_Mouse Pairwise Must Touch Training v3_RewardTone
18,1584.379,493,38,Input Transition On Event,FIRBeam #1,,7,0,,0.0,,0,,0,,0,,0,cog_Mouse Pairwise Must Touch Training v3_RewardTone
18,1593.395,494,39,Input Transition Off Event,FIRBeam #1,,7,0,,0.0,,0,,0,,0,,0,cog_Mouse Pairwise Must Touch Training v3_RewardTone
18,1593.958,495,38,Input Transition On Event,BIRBeam #1,,7,0,,0.0,,0,,0,,0,,0,cog_Mouse Pairwise Must Touch Training v3_RewardTone
18,1596.144,496,39,Input Transition Off Event,BIRBeam #1,,7,0,,0.0,,0,,0,,0,,0,cog_Mouse Pairwise Must Touch Training v3_RewardTone
18,1596.509,497,38,Input Transition On Event,FIRBeam #1,,7,0,,0.0,,0,,0,,0,,0,cog_Mouse Pairwise Must Touch Training v3_RewardTone
18,1612.824,498,39,Input Transition Off Event,FIRBeam #1,,7,0,,0.0,,0,,0,,0,,0,cog_Mouse Pairwise Must Touch Training v3_RewardTone
18,1613.225,499,38,Input Transition On Event,FIRBeam #1,,7,0,,0.0,,0,,0,,0,,0,cog_Mouse Pairwise Must Touch Training v3_RewardTone
18,1621.255,500,39,Input Transition Off Event,FIRBeam #1,,7,0,,0.0,,0,,0,,0,,0,cog_Mouse Pairwise Must Touch Training v3_RewardTone
18,1621.464,501,38,Input Transition On Event,BIRBeam #1,,7,0,,0.0,,0,,0,,0,,0,cog_Mouse Pairwise Must Touch Training v3_RewardTone
18,1629.107,502,39,Input Transition Off Event,BIRBeam #1,,7,0,,0.0,,0,,0,,0,,0,cog_Mouse Pairwise Must Touch Training v3_RewardTone
18,1630.234,503,38,Input Transition On Event,FIRBeam #1,,7,0,,0.0,,0,,0,,0,,0,cog_Mouse Pairwise Must Touch Training v3_RewardTone
18,1641.661,504,30,Touch Down Event,Bussey Mouse Operant Mode 2 x 1 x low,,7,4,Position,0.0,(NoMedia),-1,CoordX,304,CoordY,556,,0,cog_Mouse Pairwise Must Touch Training v3_RewardTone
18,1642.155,505,31,Touch Up Event,Bussey Mouse Operant Mode 2 x 1 x low,,7,4,Position,1.0,Image 26,25,CoordX,136,CoordY,230,,0,cog_Mouse Pairwise Must Touch Training v3_RewardTone
18,1642.663,506,39,Input Transition Off Event,FIRBeam #1,,7,0,,0.0,,0,,0,,0,,0,cog_Mouse Pairwise Must Touch Training v3_RewardTone
18,1642.72,507,38,Input Transition On Event,FIRBeam #1,,7,0,,0.0,,0,,0,,0,,0,cog_Mouse Pairwise Must Touch Training v3_RewardTone
18,1642.779,508,39,Input Transition Off Event,FIRBeam #1,,7,0,,0.0,,0,,0,,0,,0,cog_Mouse Pairwise Must Touch Training v3_RewardTone
18,1642.796,509,38,Input Transition On Event,FIRBeam #1,,7,0,,0.0,,0,,0,,0,,0,cog_Mouse Pairwise Must Touch Training v3_RewardTone
18,1651.277,510,39,Input Transition Off Event,FIRBeam #1,,7,0,,0.0,,0,,0,,0,,0,cog_Mouse Pairwise Must Touch Training v3_RewardTone
18,1652.884,511,38,Input Transition On Event,FIRBeam #1,,7,0,,0.0,,0,,0,,0,,0,cog_Mouse Pairwise Must Touch Training v3_RewardTone
18,1660.676,512,39,Input Transition Off Event,FIRBeam #1,,7,0,,0.0,,0,,0,,0,,0,cog_Mouse Pairwise Must Touch Training v3_RewardTone
18,1660.785,513,38,Input Transition On Event,BIRBeam #1,,7,0,,0.0,,0,,0,,0,,0,cog_Mouse Pairwise Must Touch Training v3_RewardTone
18,1666.833,514,39,Input Transition Off Event,BIRBeam #1,,7,0,,0.0,,0,,0,,0,,0,cog_Mouse Pairwise Must Touch Training v3_RewardTone
18,1667.24,515,38,Input Transition On Event,FIRBeam #1,,7,0,,0.0,,0,,0,,0,,0,cog_Mouse Pairwise Must Touch Training v3_RewardTone
18,1668.417,516,39,Input Transition Off Event,FIRBeam #1,,7,0,,0.0,,0,,0,,0,,0,cog_Mouse Pairwise Must Touch Training v3_RewardTone
18,1671.191,517,38,Input Transition On Event,FIRBeam #1,,7,0,,0.0,,0,,0,,0,,0,cog_Mouse Pairwise Must Touch Training v3_RewardTone
18,1673.201,518,39,Input Transition Off Event,FIRBeam #1,,7,0,,0.0,,0,,0,,0,,0,cog_Mouse Pairwise Must Touch Training v3_RewardTone
18,1673.993,519,30,Touch Down Event,Bussey Mouse Operant Mode 2 x 1 x low,,7,4,Position,2.0,Image 1,0,CoordX,209,CoordY,225,,0,cog_Mouse Pairwise Must Touch Training v3_RewardTone
18,1673.993,520,1,Condition Event,Blank Image Touched,,7,0,,0.0,,0,,0,,0,,0,cog_Mouse Pairwise Must Touch Training v3_RewardTone
18,1673.993,521,16,Variable Event,Blank_Touch_Counter,,7,1,Value,1.0,,0,,0,,0,,0,cog_Mouse Pairwise Must Touch Training v3_RewardTone
18,1673.993,522,61,Group Maintain Event,Group Change,,7,1,New Group,7.0,,0,,0,,0,,0,cog_Mouse Pairwise Must Touch Training v3_RewardTone
18,1676.143,523,31,Touch Up Event,Bussey Mouse Operant Mode 2 x 1 x low,,7,4,Position,2.0,Image 1,0,CoordX,165,CoordY,119,,0,cog_Mouse Pairwise Must Touch Training v3_RewardTone
18,1677.336,524,38,Input Transition On Event,FIRBeam #1,,7,0,,0.0,,0,,0,,0,,0,cog_Mouse Pairwise Must Touch Training v3_RewardTone
18,1678.283,525,39,Input Transition Off Event,FIRBeam #1,,7,0,,0.0,,0,,0,,0,,0,cog_Mouse Pairwise Must Touch Training v3_RewardTone
18,1678.369,526,38,Input Transition On Event,FIRBeam #1,,7,0,,0.0,,0,,0,,0,,0,cog_Mouse Pairwise Must Touch Training v3_RewardTone
18,1678.389,527,39,Input Transition Off Event,FIRBeam #1,,7,0,,0.0,,0,,0,,0,,0,cog_Mouse Pairwise Must Touch Training v3_RewardTone
18,1678.563,528,38,Input Transition On Event,BIRBeam #1,,7,0,,0.0,,0,,0,,0,,0,cog_Mouse Pairwise Must Touch Training v3_RewardTone
18,1683.627,529,39,Input Transition Off Event,BIRBeam #1,,7,0,,0.0,,0,,0,,0,,0,cog_Mouse Pairwise Must Touch Training v3_RewardTone
18,1684.118,530,38,Input Transition On Event,FIRBeam #1,,7,0,,0.0,,0,,0,,0,,0,cog_Mouse Pairwise Must Touch Training v3_RewardTone
18,1686.154,531,39,Input Transition Off Event,FIRBeam #1,,7,0,,0.0,,0,,0,,0,,0,cog_Mouse Pairwise Must Touch Training v3_RewardTone
18,1688.406,532,38,Input Transition On Event,FIRBeam #1,,7,0,,0.0,,0,,0,,0,,0,cog_Mouse Pairwise Must Touch Training v3_RewardTone
18,1690.004,533,39,Input Transition Off Event,FIRBeam #1,,7,0,,0.0,,0,,0,,0,,0,cog_Mouse Pairwise Must Touch Training v3_RewardTone
18,1694.729,534,38,Input Transition On Event,FIRBeam #1,,7,0,,0.0,,0,,0,,0,,0,cog_Mouse Pairwise Must Touch Training v3_RewardTone
18,1695.31,535,39,Input Transition Off Event,FIRBeam #1,,7,0,,0.0,,0,,0,,0,,0,cog_Mouse Pairwise Must Touch Training v3_RewardTone
18,1695.413,536,38,Input Transition On Event,BIRBeam #1,,7,0,,0.0,,0,,0,,0,,0,cog_Mouse Pairwise Must Touch Training v3_RewardTone
18,1695.442,537,38,Input Transition On Event,FIRBeam #1,,7,0,,0.0,,0,,0,,0,,0,cog_Mouse Pairwise Must Touch Training v3_RewardTone
18,1695.458,538,39,Input Transition Off Event,FIRBeam #1,,7,0,,0.0,,0,,0,,0,,0,cog_Mouse Pairwise Must Touch Training v3_RewardTone
18,1696.866,539,39,Input Transition Off Event,BIRBeam #1,,7,0,,0.0,,0,,0,,0,,0,cog_Mouse Pairwise Must Touch Training v3_RewardTone
18,1697.178,540,38,Input Transition On Event,FIRBeam #1,,7,0,,0.0,,0,,0,,0,,0,cog_Mouse Pairwise Must Touch Training v3_RewardTone
18,1697.973,541,39,Input Transition Off Event,FIRBeam #1,,7,0,,0.0,,0,,0,,0,,0,cog_Mouse Pairwise Must Touch Training v3_RewardTone
18,1700.876,542,38,Input Transition On Event,FIRBeam #1,,7,0,,0.0,,0,,0,,0,,0,cog_Mouse Pairwise Must Touch Training v3_RewardTone
18,1700.938,543,39,Input Transition Off Event,FIRBeam #1,,7,0,,0.0,,0,,0,,0,,0,cog_Mouse Pairwise Must Touch Training v3_RewardTone
18,1704.841,544,38,Input Transition On Event,FIRBeam #1,,7,0,,0.0,,0,,0,,0,,0,cog_Mouse Pairwise Must Touch Training v3_RewardTone
18,1705.051,545,39,Input Transition Off Event,FIRBeam #1,,7,0,,0.0,,0,,0,,0,,0,cog_Mouse Pairwise Must Touch Training v3_RewardTone
18,1712.326,546,38,Input Transition On Event,FIRBeam #1,,7,0,,0.0,,0,,0,,0,,0,cog_Mouse Pairwise Must Touch Training v3_RewardTone
18,1715.85,547,39,Input Transition Off Event,FIRBeam #1,,7,0,,0.0,,0,,0,,0,,0,cog_Mouse Pairwise Must Touch Training v3_RewardTone
18,1716.52,548,38,Input Transition On Event,FIRBeam #1,,7,0,,0.0,,0,,0,,0,,0,cog_Mouse Pairwise Must Touch Training v3_RewardTone
18,1716.585,549,39,Input Transition Off Event,FIRBeam #1,,7,0,,0.0,,0,,0,,0,,0,cog_Mouse Pairwise Must Touch Training v3_RewardTone
18,1716.754,550,38,Input Transition On Event,FIRBeam #1,,7,0,,0.0,,0,,0,,0,,0,cog_Mouse Pairwise Must Touch Training v3_RewardTone
18,1720.838,551,39,Input Transition Off Event,FIRBeam #1,,7,0,,0.0,,0,,0,,0,,0,cog_Mouse Pairwise Must Touch Training v3_RewardTone
18,1721.057,552,38,Input Transition On Event,FIRBeam #1,,7,0,,0.0,,0,,0,,0,,0,cog_Mouse Pairwise Must Touch Training v3_RewardTone
18,1721.107,553,39,Input Transition Off Event,FIRBeam #1,,7,0,,0.0,,0,,0,,0,,0,cog_Mouse Pairwise Must Touch Training v3_RewardTone
18,1721.139,554,38,Input Transition On Event,FIRBeam #1,,7,0,,0.0,,0,,0,,0,,0,cog_Mouse Pairwise Must Touch Training v3_RewardTone
18,1721.62,555,39,Input Transition Off Event,FIRBeam #1,,7,0,,0.0,,0,,0,,0,,0,cog_Mouse Pairwise Must Touch Training v3_RewardTone
18,1721.651,556,30,Touch Down Event,Bussey Mouse Operant Mode 2 x 1 x low,,7,4,Position,0.0,(NoMedia),-1,CoordX,314,CoordY,556,,0,cog_Mouse Pairwise Must Touch Training v3_RewardTone
18,1721.796,557,38,Input Transition On Event,FIRBeam #1,,7,0,,0.0,,0,,0,,0,,0,cog_Mouse Pairwise Must Touch Training v3_RewardTone
18,1721.833,558,31,Touch Up Event,Bussey Mouse Operant Mode 2 x 1 x low,,7,4,Position,0.0,(NoMedia),-1,CoordX,314,CoordY,556,,0,cog_Mouse Pairwise Must Touch Training v3_RewardTone
18,1722.375,559,39,Input Transition Off Event,FIRBeam #1,,7,0,,0.0,,0,,0,,0,,0,cog_Mouse Pairwise Must Touch Training v3_RewardTone
18,1722.413,560,38,Input Transition On Event,FIRBeam #1,,7,0,,0.0,,0,,0,,0,,0,cog_Mouse Pairwise Must Touch Training v3_RewardTone
18,1725.569,561,30,Touch Down Event,Bussey Mouse Operant Mode 2 x 1 x low,,7,4,Position,1.0,Image 26,25,CoordX,14,CoordY,225,,0,cog_Mouse Pairwise Must Touch Training v3_RewardTone
18,1725.569,562,1,Condition Event,Image Touched,,7,0,,0.0,,0,,0,,0,,0,cog_Mouse Pairwise Must Touch Training v3_RewardTone
18,1725.569,563,32,Display Image,Bussey Mouse Operant Mode 2 x 1 x low,Background,7,2,Position,1.0,Image 1,0,,0,,0,,0,cog_Mouse Pairwise Must Touch Training v3_RewardTone
18,1725.569,564,64,Play Audio Tone for Duration,(AUDIO),audio,7,3,correct tone,0.0,Intensity,100,Duration,500,,0,,0,cog_Mouse Pairwise Must Touch Training v3_RewardTone
18,1725.569,565,29,Timer Event,Post_Reward_Tone_Delay_Timer,,7,1,Value,0.0,,0,,0,,0,,0,cog_Mouse Pairwise Must Touch Training v3_RewardTone
18,1725.569,566,21,Group Change Event,Group Change,,7,1,New Group,9.0,,0,,0,,0,,0,cog_Mouse Pairwise Must Touch Training v3_RewardTone
18,1725.739,567,31,Touch Up Event,Bussey Mouse Operant Mode 2 x 1 x low,,9,4,Position,1.0,Image 1,0,CoordX,10,CoordY,217,,0,cog_Mouse Pairwise Must Touch Training v3_RewardTone
18,1726.569,568,1,Condition Event,Post Reward Tone Delay,,9,0,,0.0,,0,,0,,0,,0,cog_Mouse Pairwise Must Touch Training v3_RewardTone
18,1726.569,569,7,Pulse Output Event,Feeder #1,,9,1,Duration,0.28,,0,,0,,0,,0,cog_Mouse Pairwise Must Touch Training v3_RewardTone
18,1726.569,570,3,Output On Event,TrayLight #1,,9,0,,0.0,,0,,0,,0,,0,cog_Mouse Pairwise Must Touch Training v3_RewardTone
18,1726.569,571,16,Variable Event,Correct_Counter,,9,1,Value,3.0,,0,,0,,0,,0,cog_Mouse Pairwise Must Touch Training v3_RewardTone
18,1726.569,572,16,Variable Event,First_Trial,,9,1,Value,0.0,,0,,0,,0,,0,cog_Mouse Pairwise Must Touch Training v3_RewardTone
18,1726.569,573,29,Timer Event,Post_Reward_Tone_Delay_Timer,,9,1,Value,1.001,,0,,0,,0,,0,cog_Mouse Pairwise Must Touch Training v3_RewardTone
18,1726.569,574,29,Timer Event,Post_Reward_Tone_Delay_Timer,,9,1,Value,0.0,,0,,0,,0,,0,cog_Mouse Pairwise Must Touch Training v3_RewardTone
18,1726.569,575,21,Group Change Event,Group Change,,9,1,New Group,8.0,,0,,0,,0,,0,cog_Mouse Pairwise Must Touch Training v3_RewardTone
18,1730.117,576,39,Input Transition Off Event,FIRBeam #1,,8,0,,0.0,,0,,0,,0,,0,cog_Mouse Pairwise Must Touch Training v3_RewardTone
18,1730.221,577,38,Input Transition On Event,FIRBeam #1,,8,0,,0.0,,0,,0,,0,,0,cog_Mouse Pairwise Must Touch Training v3_RewardTone
18,1730.777,578,39,Input Transition Off Event,FIRBeam #1,,8,0,,0.0,,0,,0,,0,,0,cog_Mouse Pairwise Must Touch Training v3_RewardTone
18,1730.866,579,38,Input Transition On Event,BIRBeam #1,,8,0,,0.0,,0,,0,,0,,0,cog_Mouse Pairwise Must Touch Training v3_RewardTone
18,1731.464,580,38,Input Transition On Event,Tray #1,,8,0,,0.0,,0,,0,,0,,0,cog_Mouse Pairwise Must Touch Training v3_RewardTone
18,1731.464,581,1,Condition Event,Reward Collected Start ITI,,8,0,,0.0,,0,,0,,0,,0,cog_Mouse Pairwise Must Touch Training v3_RewardTone
18,1731.464,582,4,Output Off Event,TrayLight #1,,8,0,,0.0,,0,,0,,0,,0,cog_Mouse Pairwise Must Touch Training v3_RewardTone
18,1731.464,583,21,Group Change Event,Group Change,,8,1,New Group,2.0,,0,,0,,0,,0,cog_Mouse Pairwise Must Touch Training v3_RewardTone
18,1731.465,584,1,Condition Event,Set Image position,,2,0,,0.0,,0,,0,,0,,0,cog_Mouse Pairwise Must Touch Training v3_RewardTone
18,1731.465,585,16,Variable Event,Correct_Grid_Position,,2,1,Value,1.0,,0,,0,,0,,0,cog_Mouse Pairwise Must Touch Training v3_RewardTone
18,1731.465,586,17,List Change - Set,Grid_Position,,2,2,Index,7.0,Value,2,,0,,0,,0,cog_Mouse Pairwise Must Touch Training v3_RewardTone
18,1731.465,587,21,Group Change Event,Group Change,,2,1,New Group,3.0,,0,,0,,0,,0,cog_Mouse Pairwise Must Touch Training v3_RewardTone
18,1731.465,588,1,Condition Event,Incorrect Right,,3,0,,0.0,,0,,0,,0,,0,cog_Mouse Pairwise Must Touch Training v3_RewardTone
18,1731.465,589,16,Variable Event,Incorrect_Grid_Position,,3,1,Value,2.0,,0,,0,,0,,0,cog_Mouse Pairwise Must Touch Training v3_RewardTone
18,1731.465,590,21,Group Change Event,Group Change,,3,1,New Group,4.0,,0,,0,,0,,0,cog_Mouse Pairwise Must Touch Training v3_RewardTone
18,1731.465,591,1,Condition Event,Start ITI,,4,0,,0.0,,0,,0,,0,,0,cog_Mouse Pairwise Must Touch Training v3_RewardTone
18,1731.465,592,29,Timer Event,ITI_Timer,,4,1,Value,0.0,,0,,0,,0,,0,cog_Mouse Pairwise Must Touch Training v3_RewardTone
18,1731.465,593,21,Group Change Event,Group Change,,4,1,New Group,5.0,,0,,0,,0,,0,cog_Mouse Pairwise Must Touch Training v3_RewardTone
18,1734.465,594,1,Condition Event,Increment Trial Counter,,5,0,,0.0,,0,,0,,0,,0,cog_Mouse Pairwise Must Touch Training v3_RewardTone
18,1734.465,595,16,Variable Event,_Trial_Counter,,5,1,Value,3.0,,0,,0,,0,,0,cog_Mouse Pairwise Must Touch Training v3_RewardTone
18,1734.465,596,21,Group Change Event,Group Change,,5,1,New Group,6.0,,0,,0,,0,,0,cog_Mouse Pairwise Must Touch Training v3_RewardTone
18,1734.465,597,1,Condition Event,Display Image,,6,0,,0.0,,0,,0,,0,,0,cog_Mouse Pairwise Must Touch Training v3_RewardTone
18,1734.465,598,32,Display Image,Bussey Mouse Operant Mode 2 x 1 x low,Training_Images,6,2,Position,1.0,Image 7,6,,0,,0,,0,cog_Mouse Pairwise Must Touch Training v3_RewardTone
18,1734.465,599,4,Output Off Event,TrayLight #1,,6,0,,0.0,,0,,0,,0,,0,cog_Mouse Pairwise Must Touch Training v3_RewardTone
18,1734.465,600,17,List Change - Set,Training_Images,,6,2,Index,14.0,Image 14,14,,0,,0,,0,cog_Mouse Pairwise Must Touch Training v3_RewardTone
18,1734.465,601,21,Group Change Event,Group Change,,6,1,New Group,7.0,,0,,0,,0,,0,cog_Mouse Pairwise Must Touch Training v3_RewardTone
18,1736.435,602,39,Input Transition Off Event,Tray #1,,7,0,,0.0,,0,,0,,0,,0,cog_Mouse Pairwise Must Touch Training v3_RewardTone
18,1741.993,603,39,Input Transition Off Event,BIRBeam #1,,7,0,,0.0,,0,,0,,0,,0,cog_Mouse Pairwise Must Touch Training v3_RewardTone
18,1743.019,604,38,Input Transition On Event,FIRBeam #1,,7,0,,0.0,,0,,0,,0,,0,cog_Mouse Pairwise Must Touch Training v3_RewardTone
18,1746.324,605,39,Input Transition Off Event,FIRBeam #1,,7,0,,0.0,,0,,0,,0,,0,cog_Mouse Pairwise Must Touch Training v3_RewardTone
18,1747.279,606,38,Input Transition On Event,FIRBeam #1,,7,0,,0.0,,0,,0,,0,,0,cog_Mouse Pairwise Must Touch Training v3_RewardTone
18,1760.155,607,39,Input Transition Off Event,FIRBeam #1,,7,0,,0.0,,0,,0,,0,,0,cog_Mouse Pairwise Must Touch Training v3_RewardTone
18,1760.277,608,38,Input Transition On Event,FIRBeam #1,,7,0,,0.0,,0,,0,,0,,0,cog_Mouse Pairwise Must Touch Training v3_RewardTone
18,1763.892,609,39,Input Transition Off Event,FIRBeam #1,,7,0,,0.0,,0,,0,,0,,0,cog_Mouse Pairwise Must Touch Training v3_RewardTone
18,1765.353,610,38,Input Transition On Event,FIRBeam #1,,7,0,,0.0,,0,,0,,0,,0,cog_Mouse Pairwise Must Touch Training v3_RewardTone
18,1765.698,611,39,Input Transition Off Event,FIRBeam #1,,7,0,,0.0,,0,,0,,0,,0,cog_Mouse Pairwise Must Touch Training v3_RewardTone
18,1767.006,612,38,Input Transition On Event,FIRBeam #1,,7,0,,0.0,,0,,0,,0,,0,cog_Mouse Pairwise Must Touch Training v3_RewardTone
18,1769.148,613,39,Input Transition Off Event,FIRBeam #1,,7,0,,0.0,,0,,0,,0,,0,cog_Mouse Pairwise Must Touch Training v3_RewardTone
18,1769.28,614,38,Input Transition On Event,BIRBeam #1,,7,0,,0.0,,0,,0,,0,,0,cog_Mouse Pairwise Must Touch Training v3_RewardTone
18,1776.529,615,39,Input Transition Off Event,BIRBeam #1,,7,0,,0.0,,0,,0,,0,,0,cog_Mouse Pairwise Must Touch Training v3_RewardTone
18,1776.971,616,38,Input Transition On Event,FIRBeam #1,,7,0,,0.0,,0,,0,,0,,0,cog_Mouse Pairwise Must Touch Training v3_RewardTone
18,1777.09,617,39,Input Transition Off Event,FIRBeam #1,,7,0,,0.0,,0,,0,,0,,0,cog_Mouse Pairwise Must Touch Training v3_RewardTone
18,1777.117,618,38,Input Transition On Event,FIRBeam #1,,7,0,,0.0,,0,,0,,0,,0,cog_Mouse Pairwise Must Touch Training v3_RewardTone
18,1777.156,619,39,Input Transition Off Event,FIRBeam #1,,7,0,,0.0,,0,,0,,0,,0,cog_Mouse Pairwise Must Touch Training v3_RewardTone
18,1777.256,620,38,Input Transition On Event,FIRBeam #1,,7,0,,0.0,,0,,0,,0,,0,cog_Mouse Pairwise Must Touch Training v3_RewardTone
18,1784.237,621,39,Input Transition Off Event,FIRBeam #1,,7,0,,0.0,,0,,0,,0,,0,cog_Mouse Pairwise Must Touch Training v3_RewardTone
18,1784.27,622,38,Input Transition On Event,FIRBeam #1,,7,0,,0.0,,0,,0,,0,,0,cog_Mouse Pairwise Must Touch Training v3_RewardTone
18,1784.302,623,39,Input Transition Off Event,FIRBeam #1,,7,0,,0.0,,0,,0,,0,,0,cog_Mouse Pairwise Must Touch Training v3_RewardTone
18,1784.435,624,38,Input Transition On Event,FIRBeam #1,,7,0,,0.0,,0,,0,,0,,0,cog_Mouse Pairwise Must Touch Training v3_RewardTone
18,1784.488,625,39,Input Transition Off Event,FIRBeam #1,,7,0,,0.0,,0,,0,,0,,0,cog_Mouse Pairwise Must Touch Training v3_RewardTone
18,1784.864,626,38,Input Transition On Event,BIRBeam #1,,7,0,,0.0,,0,,0,,0,,0,cog_Mouse Pairwise Must Touch Training v3_RewardTone
18,1787.001,627,39,Input Transition Off Event,BIRBeam #1,,7,0,,0.0,,0,,0,,0,,0,cog_Mouse Pairwise Must Touch Training v3_RewardTone
18,1789.38,628,38,Input Transition On Event,FIRBeam #1,,7,0,,0.0,,0,,0,,0,,0,cog_Mouse Pairwise Must Touch Training v3_RewardTone
18,1800.0,629,21,Group Change Event,Group Change,,7,1,New Group,10.0,,0,,0,,0,,0,cog_Mouse Pairwise Must Touch Training v3_RewardTone
18,1800.0,630,1,Condition Event,End of schedule,,10,0,,0.0,,0,,0,,0,,0,cog_Mouse Pairwise Must Touch Training v3_RewardTone
18,1800.0,631,61,Group Maintain Event,Group Change,,10,1,New Group,10.0,,0,,0,,0,,0,cog_Mouse Pairwise Must Touch Training v3_RewardTone
18,1800.0,632,29,Timer Event,_Schedule_Timer,,10,1,Value,1800.0,,0,,0,,0,,0,cog_Mouse Pairwise Must Touch Training v3_RewardTone
18,1800.0,633,29,Timer Event,ITI_Timer,,10,1,Value,68.536,,0,,0,,0,,0,cog_Mouse Pairwise Must Touch Training v3_RewardTone
18,1800.0,634,29,Timer Event,_Schedule_Timer,,10,1,Value,1800.0,,0,,0,,0,,0,cog_Mouse Pairwise Must Touch Training v3_RewardTone
18,1800.0,635,9999,Schedule Shutdown Event,(SYSTEM),,10,0,,0.0,,0,,0,,0,,0,cog_Mouse Pairwise Must Touch Training v3_RewardTone
